identifier,handlehttp
MdU.ead.scpa.0042.xml,http://hdl.handle.net/1903.1/3004
MdU.ead.histms.0071.xml,http://hdl.handle.net/1903.1/1225
MdU.ead.histms.0075.xml,http://hdl.handle.net/1903.1/1229
MdU.ead.histms.0076.xml,http://hdl.handle.net/1903.1/1230
MdU.ead.histms.0073.xml,http://hdl.handle.net/1903.1/1227
MdU.ead.histms.0072.xml,http://hdl.handle.net/1903.1/1226
MdU.ead.histms.0083.xml,http://hdl.handle.net/1903.1/1237
MdU.ead.histms.0068.xml,http://hdl.handle.net/1903.1/1222
MdU.ead.histms.0074.xml,http://hdl.handle.net/1903.1/1228
MdU.ead.histms.0081.xml,http://hdl.handle.net/1903.1/1235
MdU.ead.histms.0078.xml,http://hdl.handle.net/1903.1/1232
MdU.ead.histms.0102.xml,http://hdl.handle.net/1903.1/1256
MdU.ead.histms.0091.xml,http://hdl.handle.net/1903.1/1245
MdU.ead.histms.0084.xml,http://hdl.handle.net/1903.1/1238
MdU.ead.histms.0087.xml,http://hdl.handle.net/1903.1/1241
MdU.ead.histms.0085.xml,http://hdl.handle.net/1903.1/1239
MdU.ead.histms.0089.xml,http://hdl.handle.net/1903.1/1243
MdU.ead.histms.0086.xml,http://hdl.handle.net/1903.1/1240
MdU.ead.histms.0113.xml,http://hdl.handle.net/1903.1/1267
MdU.ead.histms.0096.xml,http://hdl.handle.net/1903.1/1250
MdU.ead.histms.0100.xml,http://hdl.handle.net/1903.1/1254
MdU.ead.histms.0099.xml,http://hdl.handle.net/1903.1/1253
MdU.ead.histms.0097.xml,http://hdl.handle.net/1903.1/1251
MdU.ead.histms.0095.xml,http://hdl.handle.net/1903.1/1249
MdU.ead.histms.0101.xml,http://hdl.handle.net/1903.1/1255
MdU.ead.histms.0090.xml,http://hdl.handle.net/1903.1/1244
MdU.ead.histms.0093.xml,http://hdl.handle.net/1903.1/1247
MdU.ead.histms.0107.xml,http://hdl.handle.net/1903.1/1261
MdU.ead.histms.0109.xml,http://hdl.handle.net/1903.1/1263
MdU.ead.histms.0104.xml,http://hdl.handle.net/1903.1/1258
MdU.ead.histms.0114.xml,http://hdl.handle.net/1903.1/1268
MdU.ead.histms.0112.xml,http://hdl.handle.net/1903.1/1266
MdU.ead.histms.0103.xml,http://hdl.handle.net/1903.1/1257
MdU.ead.histms.0108.xml,http://hdl.handle.net/1903.1/1262
MdU.ead.histms.0110.xml,http://hdl.handle.net/1903.1/1264
MdU.ead.histms.0106.xml,http://hdl.handle.net/1903.1/1260
MdU.ead.histms.0116.xml,http://hdl.handle.net/1903.1/1270
MdU.ead.histms.0119.xml,http://hdl.handle.net/1903.1/1273
MdU.ead.histms.0123.xml,http://hdl.handle.net/1903.1/1277
MdU.ead.histms.0127.xml,http://hdl.handle.net/1903.1/1281
MdU.ead.histms.0122.xml,http://hdl.handle.net/1903.1/1276
MdU.ead.histms.0125.xml,http://hdl.handle.net/1903.1/1279
MdU.ead.histms.0115.xml,http://hdl.handle.net/1903.1/1269
MdU.ead.histms.0117.xml,http://hdl.handle.net/1903.1/1271
MdU.ead.histms.0128.xml,http://hdl.handle.net/1903.1/1282
MdU.ead.histms.0134.xml,http://hdl.handle.net/1903.1/1288
MdU.ead.histms.0137.xml,http://hdl.handle.net/1903.1/1291
MdU.ead.histms.0130.xml,http://hdl.handle.net/1903.1/1284
MdU.ead.histms.0141.xml,http://hdl.handle.net/1903.1/1295
MdU.ead.histms.0139.xml,http://hdl.handle.net/1903.1/1293
MdU.ead.histms.0132.xml,http://hdl.handle.net/1903.1/1286
MdU.ead.histms.0138.xml,http://hdl.handle.net/1903.1/1292
MdU.ead.histms.0131.xml,http://hdl.handle.net/1903.1/1285
MdU.ead.histms.0133.xml,http://hdl.handle.net/1903.1/1287
MdU.ead.histms.0149.xml,http://hdl.handle.net/1903.1/1303
MdU.ead.histms.0150.xml,http://hdl.handle.net/1903.1/1304
MdU.ead.histms.0155.xml,http://hdl.handle.net/1903.1/1309
MdU.ead.histms.0148.xml,http://hdl.handle.net/1903.1/1302
MdU.ead.histms.0140.xml,http://hdl.handle.net/1903.1/1294
MdU.ead.histms.0145.xml,http://hdl.handle.net/1903.1/1299
MdU.ead.histms.0154.xml,http://hdl.handle.net/1903.1/1308
MdU.ead.histms.0152.xml,http://hdl.handle.net/1903.1/1306
MdU.ead.histms.0146.xml,http://hdl.handle.net/1903.1/1300
MdU.ead.histms.0166.xml,http://hdl.handle.net/1903.1/1320
MdU.ead.histms.0142.xml,http://hdl.handle.net/1903.1/1296
MdU.ead.histms.0162.xml,http://hdl.handle.net/1903.1/1316
MdU.ead.histms.0179.xml,http://hdl.handle.net/1903.1/1333
MdU.ead.histms.0158.xml,http://hdl.handle.net/1903.1/1312
MdU.ead.histms.0151.xml,http://hdl.handle.net/1903.1/1305
MdU.ead.histms.0165.xml,http://hdl.handle.net/1903.1/1319
MdU.ead.histms.0143.xml,http://hdl.handle.net/1903.1/1297
MdU.ead.histms.0157.xml,http://hdl.handle.net/1903.1/1311
MdU.ead.histms.0168.xml,http://hdl.handle.net/1903.1/1322
MdU.ead.histms.0169.xml,http://hdl.handle.net/1903.1/1323
MdU.ead.histms.0178.xml,http://hdl.handle.net/1903.1/1332
MdU.ead.histms.0175.xml,http://hdl.handle.net/1903.1/1329
MdU.ead.histms.0181.xml,http://hdl.handle.net/1903.1/1335
MdU.ead.histms.0192.xml,http://hdl.handle.net/1903.1/1346
MdU.ead.histms.0172.xml,http://hdl.handle.net/1903.1/1326
MdU.ead.histms.0173.xml,http://hdl.handle.net/1903.1/1327
MdU.ead.histms.0170.xml,http://hdl.handle.net/1903.1/1324
MdU.ead.histms.0190.xml,http://hdl.handle.net/1903.1/1344
MdU.ead.histms.0183.xml,http://hdl.handle.net/1903.1/1337
MdU.ead.histms.0189.xml,http://hdl.handle.net/1903.1/1343
MdU.ead.histms.0184.xml,http://hdl.handle.net/1903.1/1338
MdU.ead.histms.0198.xml,http://hdl.handle.net/1903.1/1352
MdU.ead.histms.0182.xml,http://hdl.handle.net/1903.1/1336
MdU.ead.histms.0204.xml,http://hdl.handle.net/1903.1/1358
MdU.ead.histms.0199.xml,http://hdl.handle.net/1903.1/1353
MdU.ead.histms.0205.xml,http://hdl.handle.net/1903.1/1359
MdU.ead.histms.0197.xml,http://hdl.handle.net/1903.1/1351
MdU.ead.histms.0214.xml,http://hdl.handle.net/1903.1/1368
MdU.ead.histms.0218.xml,http://hdl.handle.net/1903.1/1372
MdU.ead.histms.0221.xml,http://hdl.handle.net/1903.1/1375
MdU.ead.histms.0196.xml,http://hdl.handle.net/1903.1/1350
MdU.ead.histms.0211.xml,http://hdl.handle.net/1903.1/1365
MdU.ead.histms.0216.xml,http://hdl.handle.net/1903.1/1370
MdU.ead.histms.0217.xml,http://hdl.handle.net/1903.1/1371
MdU.ead.histms.0201.xml,http://hdl.handle.net/1903.1/1355
MdU.ead.histms.0232.xml,http://hdl.handle.net/1903.1/1386
MdU.ead.histms.0213.xml,http://hdl.handle.net/1903.1/1367
MdU.ead.histms.0229.xml,http://hdl.handle.net/1903.1/1383
MdU.ead.histms.0235.xml,http://hdl.handle.net/1903.1/1389
MdU.ead.histms.0233.xml,http://hdl.handle.net/1903.1/1387
MdU.ead.histms.0224.xml,http://hdl.handle.net/1903.1/1378
MdU.ead.histms.0219.xml,http://hdl.handle.net/1903.1/1373
MdU.ead.histms.0231.xml,http://hdl.handle.net/1903.1/1385
MdU.ead.histms.0222.xml,http://hdl.handle.net/1903.1/1376
MdU.ead.histms.0223.xml,http://hdl.handle.net/1903.1/1377
MdU.ead.histms.0234.xml,http://hdl.handle.net/1903.1/1388
MdU.ead.histms.0241.xml,http://hdl.handle.net/1903.1/1395
MdU.ead.histms.0227.xml,http://hdl.handle.net/1903.1/1381
MdU.ead.histms.0242.xml,http://hdl.handle.net/1903.1/1396
MdU.ead.histms.0236.xml,http://hdl.handle.net/1903.1/1390
MdU.ead.histms.0244.xml,http://hdl.handle.net/1903.1/1398
MdU.ead.histms.0240.xml,http://hdl.handle.net/1903.1/1394
MdU.ead.histms.0228.xml,http://hdl.handle.net/1903.1/1382
MdU.ead.histms.0254.xml,http://hdl.handle.net/1903.1/1408
MdU.ead.histms.0260.xml,http://hdl.handle.net/1903.1/1414
MdU.ead.histms.0250.xml,http://hdl.handle.net/1903.1/1404
MdU.ead.histms.0252.xml,http://hdl.handle.net/1903.1/1406
MdU.ead.histms.0251.xml,http://hdl.handle.net/1903.1/1405
MdU.ead.histms.0246.xml,http://hdl.handle.net/1903.1/1400
MdU.ead.univarch.0006.xml,http://hdl.handle.net/1903.1/1415
MdU.ead.histms.0238.xml,http://hdl.handle.net/1903.1/1392
MdU.ead.histms.0255.xml,http://hdl.handle.net/1903.1/1409
MdU.ead.histms.0258.xml,http://hdl.handle.net/1903.1/1412
MdU.ead.univarch.0011.xml,http://hdl.handle.net/1903.1/1420
MdU.ead.univarch.0009.xml,http://hdl.handle.net/1903.1/1418
MdU.ead.histms.0261.xml,http://hdl.handle.net/1903.1/1427
MdU.ead.univarch.0012.xml,http://hdl.handle.net/1903.1/1421
MdU.ead.histms.0256.xml,http://hdl.handle.net/1903.1/1410
MdU.ead.univarch.0013.xml,http://hdl.handle.net/1903.1/1422
MdU.ead.univarch.0010.xml,http://hdl.handle.net/1903.1/1419
MdU.ead.histms.0257.xml,http://hdl.handle.net/1903.1/1411
MdU.ead.univarch.0008.xml,http://hdl.handle.net/1903.1/1417
MdU.ead.histms.0262.xml,http://hdl.handle.net/1903.1/1428
MdU.ead.univarch.0015.xml,http://hdl.handle.net/1903.1/1424
MdU.ead.univarch.0017.xml,http://hdl.handle.net/1903.1/1426
MdU.ead.histms.0263.xml,http://hdl.handle.net/1903.1/1429
MdU.ead.histms.0264.xml,http://hdl.handle.net/1903.1/1430
MdU.ead.histms.0270.xml,http://hdl.handle.net/1903.1/1436
MdU.ead.univarch.0016.xml,http://hdl.handle.net/1903.1/1425
MdU.ead.histms.0268.xml,http://hdl.handle.net/1903.1/1434
MdU.ead.histms.0266.xml,http://hdl.handle.net/1903.1/1432
MdU.ead.histms.0277.xml,http://hdl.handle.net/1903.1/1443
MdU.ead.histms.0289.xml,http://hdl.handle.net/1903.1/1455
MdU.ead.histms.0280.xml,http://hdl.handle.net/1903.1/1446
MdU.ead.histms.0281.xml,http://hdl.handle.net/1903.1/1447
MdU.ead.histms.0287.xml,http://hdl.handle.net/1903.1/1453
MdU.ead.histms.0276.xml,http://hdl.handle.net/1903.1/1442
MdU.ead.histms.0275.xml,http://hdl.handle.net/1903.1/1441
MdU.ead.histms.0279.xml,http://hdl.handle.net/1903.1/1445
MdU.ead.histms.0286.xml,http://hdl.handle.net/1903.1/1452
MdU.ead.histms.0303.xml,http://hdl.handle.net/1903.1/1465
MdU.ead.histms.0301.xml,http://hdl.handle.net/1903.1/1463
MdU.ead.histms.0285.xml,http://hdl.handle.net/1903.1/1451
MdU.ead.histms.0302.xml,http://hdl.handle.net/1903.1/1464
MdU.ead.histms.0305.xml,http://hdl.handle.net/1903.1/1467
MdU.ead.histms.0291.xml,http://hdl.handle.net/1903.1/1457
MdU.ead.histms.0283.xml,http://hdl.handle.net/1903.1/1449
MdU.ead.histms.0284.xml,http://hdl.handle.net/1903.1/1450
MdU.ead.histms.0295.xml,http://hdl.handle.net/1903.1/1459
MdU.ead.histms.0319.xml,http://hdl.handle.net/1903.1/1479
MdU.ead.histms.0300.xml,http://hdl.handle.net/1903.1/1462
MdU.ead.histms.0320.xml,http://hdl.handle.net/1903.1/1480
MdU.ead.histms.0298.xml,http://hdl.handle.net/1903.1/1461
MdU.ead.histms.0297.xml,http://hdl.handle.net/1903.1/1460
MdU.ead.histms.0304.xml,http://hdl.handle.net/1903.1/1466
MdU.ead.histms.0321.xml,http://hdl.handle.net/1903.1/1481
MdU.ead.histms.0308.xml,http://hdl.handle.net/1903.1/1470
MdU.ead.histms.0311.xml,http://hdl.handle.net/1903.1/1472
MdU.ead.histms.0316.xml,http://hdl.handle.net/1903.1/1476
MdU.ead.histms.0318.xml,http://hdl.handle.net/1903.1/1478
MdU.ead.histms.0317.xml,http://hdl.handle.net/1903.1/1477
MdU.ead.histms.0310.xml,http://hdl.handle.net/1903.1/1471
MdU.ead.histms.0315.xml,http://hdl.handle.net/1903.1/1475
MdU.ead.histms.0307.xml,http://hdl.handle.net/1903.1/1469
MdU.ead.histms.0314.xml,http://hdl.handle.net/1903.1/1474
MdU.ead.litms.0002.xml,http://hdl.handle.net/1903.1/1494
MdU.ead.litms.0001.xml,http://hdl.handle.net/1903.1/1493
MdU.ead.histms.0322.xml,http://hdl.handle.net/1903.1/1482
MdU.ead.univarch.0080.xml,http://hdl.handle.net/1903.1/1626
MdU.ead.univarch.0084.xml,http://hdl.handle.net/1903.1/1630
MdU.ead.univarch.0081.xml,http://hdl.handle.net/1903.1/1627
MdU.ead.univarch.0077.xml,http://hdl.handle.net/1903.1/1623
MdU.ead.univarch.0076.xml,http://hdl.handle.net/1903.1/1622
MdU.ead.univarch.0075.xml,http://hdl.handle.net/1903.1/1621
MdU.ead.univarch.0063.xml,http://hdl.handle.net/1903.1/1635
MdU.ead.univarch.0083.xml,http://hdl.handle.net/1903.1/1629
MdU.ead.univarch.0072.xml,http://hdl.handle.net/1903.1/1644
MdU.ead.univarch.0064.xml,http://hdl.handle.net/1903.1/1636
MdU.ead.univarch.0082.xml,http://hdl.handle.net/1903.1/1628
MdU.ead.univarch.0079.xml,http://hdl.handle.net/1903.1/1625
MdU.ead.univarch.0078.xml,http://hdl.handle.net/1903.1/1624
MdU.ead.univarch.0071.xml,http://hdl.handle.net/1903.1/1643
MdU.ead.univarch.0065.xml,http://hdl.handle.net/1903.1/1637
MdU.ead.univarch.0062.xml,http://hdl.handle.net/1903.1/1634
MdU.ead.univarch.0047.xml,http://hdl.handle.net/1903.1/1647
MdU.ead.univarch.0048.xml,http://hdl.handle.net/1903.1/1648
MdU.ead.univarch.0061.xml,http://hdl.handle.net/1903.1/1633
MdU.ead.univarch.0053.xml,http://hdl.handle.net/1903.1/1653
MdU.ead.univarch.0057.xml,http://hdl.handle.net/1903.1/1657
MdU.ead.univarch.0055.xml,http://hdl.handle.net/1903.1/1655
MdU.ead.univarch.0066.xml,http://hdl.handle.net/1903.1/1638
MdU.ead.univarch.0074.xml,http://hdl.handle.net/1903.1/1646
MdU.ead.univarch.0051.xml,http://hdl.handle.net/1903.1/1651
MdU.ead.univarch.0052.xml,http://hdl.handle.net/1903.1/1652
MdU.ead.univarch.0035.xml,http://hdl.handle.net/1903.1/1664
MdU.ead.univarch.0038.xml,http://hdl.handle.net/1903.1/1667
MdU.ead.univarch.0032.xml,http://hdl.handle.net/1903.1/1661
MdU.ead.univarch.0042.xml,http://hdl.handle.net/1903.1/1671
MdU.ead.univarch.0034.xml,http://hdl.handle.net/1903.1/1663
MdU.ead.univarch.0033.xml,http://hdl.handle.net/1903.1/1662
MdU.ead.univarch.0041.xml,http://hdl.handle.net/1903.1/1670
MdU.ead.univarch.0026.xml,http://hdl.handle.net/1903.1/1683
MdU.ead.univarch.0019.xml,http://hdl.handle.net/1903.1/1676
MdU.ead.univarch.0024.xml,http://hdl.handle.net/1903.1/1681
MdU.ead.univarch.0025.xml,http://hdl.handle.net/1903.1/1682
MdU.ead.univarch.0027.xml,http://hdl.handle.net/1903.1/1684
MdU.ead.univarch.0020.xml,http://hdl.handle.net/1903.1/1677
MdU.ead.univarch.0059.xml,http://hdl.handle.net/1903.1/1659
MdU.ead.univarch.0023.xml,http://hdl.handle.net/1903.1/1680
MdU.ead.univarch.0045.xml,http://hdl.handle.net/1903.1/1673
MdU.ead.histms.0056.xml,http://hdl.handle.net/1903.1/1693
MdU.ead.histms.0059.xml,http://hdl.handle.net/1903.1/1696
MdU.ead.histms.0060.xml,http://hdl.handle.net/1903.1/1697
MdU.ead.univarch.0030.xml,http://hdl.handle.net/1903.1/1687
MdU.ead.univarch.0044.xml,http://hdl.handle.net/1903.1/1672
MdU.ead.univarch.0021.xml,http://hdl.handle.net/1903.1/1678
MdU.ead.univarch.0029.xml,http://hdl.handle.net/1903.1/1686
MdU.ead.univarch.0028.xml,http://hdl.handle.net/1903.1/1685
MdU.ead.histms.0058.xml,http://hdl.handle.net/1903.1/1695
MdU.ead.histms.0052.xml,http://hdl.handle.net/1903.1/1689
MdU.ead.histms.0055.xml,http://hdl.handle.net/1903.1/1692
MdU.ead.histms.0054.xml,http://hdl.handle.net/1903.1/1691
MdU.ead.histms.0061.xml,http://hdl.handle.net/1903.1/1698
MdU.ead.univarch.0031.xml,http://hdl.handle.net/1903.1/1688
MdU.ead.histms.0053.xml,http://hdl.handle.net/1903.1/1690
MdU.ead.histms.0036.xml,http://hdl.handle.net/1903.1/1705
MdU.ead.histms.0057.xml,http://hdl.handle.net/1903.1/1694
MdU.ead.histms.0037.xml,http://hdl.handle.net/1903.1/1706
MdU.ead.histms.0065.xml,http://hdl.handle.net/1903.1/1702
MdU.ead.histms.0038.xml,http://hdl.handle.net/1903.1/1707
MdU.ead.histms.0064.xml,http://hdl.handle.net/1903.1/1701
MdU.ead.histms.0062.xml,http://hdl.handle.net/1903.1/1699
MdU.ead.histms.0040.xml,http://hdl.handle.net/1903.1/1709
MdU.ead.histms.0039.xml,http://hdl.handle.net/1903.1/1708
MdU.ead.histms.0066.xml,http://hdl.handle.net/1903.1/1703
MdU.ead.histms.0063.xml,http://hdl.handle.net/1903.1/1700
MdU.ead.histms.0042.xml,http://hdl.handle.net/1903.1/1711
MdU.ead.histms.0022.xml,http://hdl.handle.net/1903.1/1724
MdU.ead.histms.0020.xml,http://hdl.handle.net/1903.1/1722
MdU.ead.histms.0045.xml,http://hdl.handle.net/1903.1/1714
MdU.ead.histms.0019.xml,http://hdl.handle.net/1903.1/1721
MdU.ead.histms.0044.xml,http://hdl.handle.net/1903.1/1713
MdU.ead.histms.0048.xml,http://hdl.handle.net/1903.1/1717
MdU.ead.histms.0023.xml,http://hdl.handle.net/1903.1/1725
MdU.ead.histms.0051.xml,http://hdl.handle.net/1903.1/1720
MdU.ead.histms.0046.xml,http://hdl.handle.net/1903.1/1715
MdU.ead.histms.0026.xml,http://hdl.handle.net/1903.1/1728
MdU.ead.histms.0031.xml,http://hdl.handle.net/1903.1/1733
MdU.ead.histms.0014.xml,http://hdl.handle.net/1903.1/1748
MdU.ead.histms.0049.xml,http://hdl.handle.net/1903.1/1718
MdU.ead.histms.0027.xml,http://hdl.handle.net/1903.1/1729
MdU.ead.histms.0050.xml,http://hdl.handle.net/1903.1/1719
MdU.ead.histms.0029.xml,http://hdl.handle.net/1903.1/1731
MdU.ead.histms.0035.xml,http://hdl.handle.net/1903.1/1736
MdU.ead.histms.0033.xml,http://hdl.handle.net/1903.1/1735
MdU.ead.histms.0013.xml,http://hdl.handle.net/1903.1/1747
MdU.ead.histms.0008.xml,http://hdl.handle.net/1903.1/1742
MdU.ead.histms.0002.xml,http://hdl.handle.net/1903.1/1753
MdU.ead.histms.0010.xml,http://hdl.handle.net/1903.1/1744
MdU.ead.histms.0012.xml,http://hdl.handle.net/1903.1/1746
MdU.ead.histms.0015.xml,http://hdl.handle.net/1903.1/1749
MdU.ead.univarch.0001.xml,http://hdl.handle.net/1903.1/1761
MdU.ead.univarch.0003.xml,http://hdl.handle.net/1903.1/1763
MdU.ead.histms.0018.xml,http://hdl.handle.net/1903.1/1752
MdU.ead.univarch.0005.xml,http://hdl.handle.net/1903.1/1765
MdU.ead.univarch.0089.xml,http://hdl.handle.net/1903.1/3011
MdU.ead.univarch.0091.xml,http://hdl.handle.net/1903.1/3013
MdU.ead.scpa.0044.xml,http://hdl.handle.net/1903.1/3006
MdU.ead.histms.0328.xml,http://hdl.handle.net/1903.1/3292
MdU.ead.histms.0326.xml,http://hdl.handle.net/1903.1/3293
MdU.ead.univarch.0092.xml,http://hdl.handle.net/1903.1/3014
MdU.ead.univarch.0093.xml,http://hdl.handle.net/1903.1/3021
MdU.ead.univarch.0004.xml,http://hdl.handle.net/1903.1/1764
MdU.ead.histms.0336.xml,http://hdl.handle.net/1903.1/4274
MdU.ead.histms.0331.xml,http://hdl.handle.net/1903.1/3407
MdU.ead.npba.0088.xml,http://hdl.handle.net/1903.1/4582
MdU.ead.histms.0327.xml,http://hdl.handle.net/1903.1/4579
MdU.ead.histms.0330.xml,http://hdl.handle.net/1903.1/3291
MdU.ead.histms.0333.xml,http://hdl.handle.net/1903.1/4580
MdU.ead.histms.0329.xml,http://hdl.handle.net/1903.1/3290
MdU.ead.histms.0334.xml,http://hdl.handle.net/1903.1/3965
MdU.ead.histms.0338.xml,http://hdl.handle.net/1903.1/4275
MdU.ead.histms.0294.xml,http://hdl.handle.net/1903.1/7568
MdU.ead.mdia.0001.xml,http://hdl.handle.net/1903.1/4591
MdU.ead.lab.0022.xml,http://hdl.handle.net/1903.1/4588
MdU.ead.lab.0021.xml,http://hdl.handle.net/1903.1/4921
MdU.ead.lab.0028.xml,http://hdl.handle.net/1903.1/4923
MdU.ead.lab.0026.xml,http://hdl.handle.net/1903.1/4922
MdU.ead.histms.0332.xml,http://hdl.handle.net/1903.1/7419
MdU.ead.lab.0029.xml,http://hdl.handle.net/1903.1/4924
MdU.ead.histms.0340.xml,http://hdl.handle.net/1903.1/4942
MdU.ead.univarch.0127.xml,http://hdl.handle.net/1903.1/8881
MdU.ead.univarch.0116.xml,http://hdl.handle.net/1903.1/8871
MdU.ead.npba.0092.xml,http://hdl.handle.net/1903.1/8281
MdU.ead.univarch.0109.xml,http://hdl.handle.net/1903.1/7716
MdU.ead.univarch.0107.xml,http://hdl.handle.net/1903.1/7714
MdU.ead.univarch.0117.xml,http://hdl.handle.net/1903.1/8872
MdU.ead.univarch.0106.xml,http://hdl.handle.net/1903.1/7713
MdU.ead.npba.0090.xml,"http://hdl.handle.net/1903.1/8280,http://hdl.handle.net/1903.1/8279"
MdU.ead.univarch.0115.xml,http://hdl.handle.net/1903.1/7722
MdU.ead.histms.0353.xml,http://hdl.handle.net/1903.1/9059
MdU.ead.histms.0349.xml,http://hdl.handle.net/1903.1/9067
MdU.ead.univarch.0120.xml,http://hdl.handle.net/1903.1/8875
MdU.ead.histms.0344.xml,http://hdl.handle.net/1903.1/9064
MdU.ead.npba.0091.xml,http://hdl.handle.net/1903.1/8967
MdU.ead.histms.0352.xml,http://hdl.handle.net/1903.1/9058
MdU.ead.histms.0343.xml,http://hdl.handle.net/1903.1/9062
MdU.ead.histms.0345.xml,http://hdl.handle.net/1903.1/9063
MdU.ead.univarch.0121.xml,http://hdl.handle.net/1903.1/8876
MdU.ead.scpa.0043a.xml,http://hdl.handle.net/1903.1/9352
MdU.ead.univarch.0151.xml,http://hdl.handle.net/1903.1/10364
MdU.ead.histms.0350.xml,http://hdl.handle.net/1903.1/9068
MdU.ead.univarch.0095.xml,http://hdl.handle.net/1903.1/9351
MdU.ead.histms.0339.xml,http://hdl.handle.net/1903.1/9347
MdU.ead.npba.0093.xml,http://hdl.handle.net/1903.1/9314
MdU.ead.histms.0351.xml,http://hdl.handle.net/1903.1/9069
MdU.ead.univarch.0150.xml,http://hdl.handle.net/1903.1/10366
MdU.ead.univarch.0086.xml,http://hdl.handle.net/1903.1/9349
MdU.ead.lab.0034.xml,http://hdl.handle.net/1903.1/11074
MdU.ead.histms.0341.xml,http://hdl.handle.net/1903.1/11903
MdU.ead.rare.0001.xml,http://hdl.handle.net/1903.1/11241
MdU.ead.univarch.0149.xml,http://hdl.handle.net/1903.1/10900
MdU.ead.rare.0002.xml,http://hdl.handle.net/1903.1/11248
MdU.ead.univarch.0153.xml,http://hdl.handle.net/1903.1/11029
MdU.ead.univarch.0152.xml,http://hdl.handle.net/1903.1/10901
MdU.ead.univarch.0154.xml,http://hdl.handle.net/1903.1/10898
MdU.ead.npba.0095.xml,http://hdl.handle.net/1903.1/12512
MdU.ead.lab.0033.xml,http://hdl.handle.net/1903.1/12646
MdU.ead.npba.0100.xml,http://hdl.handle.net/1903.1/12687
MdU.ead.ntl.0005.xml,http://hdl.handle.net/1903.1/12546
MdU.ead.rare.0003.xml,http://hdl.handle.net/1903.1/13688
MdU.ead.mdia.0003.xml,http://hdl.handle.net/1903.1/13508
MdU.ead.rare.0006.xml,http://hdl.handle.net/1903.1/13955
MdU.ead.ntl.0003.xml,http://hdl.handle.net/1903.1/13395
MdU.ead.rare.0005.xml,http://hdl.handle.net/1903.1/13765
MdU.ead.histms.0359.xml,http://hdl.handle.net/1903.1/15311
MdU.ead.ntl.0006.xml,http://hdl.handle.net/1903.1/14845
MdU.ead.rare.0004.xml,http://hdl.handle.net/1903.1/14175
MdU.ead.rare.0007.xml,http://hdl.handle.net/1903.1/13957
MdU.ead.histms.0360.xml,"http://hdl.handle.net/1903.1/15633,http://hdl.handle.net/1903.1/15632"
MdU.ead.univarch.0160.xml,http://hdl.handle.net/1903.1/15650
MdU.ead.lab.0036.xml,http://hdl.handle.net/1903.1/15189
MdU.ead.univarch.0159.xml,http://hdl.handle.net/1903.1/14868
MdU.ead.lab.0042.xml,"http://hdl.handle.net/1903.1/15517,http://hdl.handle.net/1903.1/15516"
MdU.ead.histms.0267.xml,http://hdl.handle.net/1903.1/1433
MdU.ead.histms.0265.xml,http://hdl.handle.net/1903.1/1431
MdU.ead.histms.0309.xml,http://hdl.handle.net/1903.1/1770
MdU.ead.histms.0269.xml,http://hdl.handle.net/1903.1/1435
MdU.ead.histms.0273.xml,http://hdl.handle.net/1903.1/1439
MdU.ead.histms.0361.xml,http://hdl.handle.net/1903.1/15649
MdU.ead.histms.0288.xml,http://hdl.handle.net/1903.1/1454
MdU.ead.histms.0274.xml,http://hdl.handle.net/1903.1/1440
MdU.ead.rare.0008.xml,http://hdl.handle.net/1903.1/16068
MdU.ead.histms.0230.xml,http://hdl.handle.net/1903.1/1384
MdU.ead.histms.0220.xml,http://hdl.handle.net/1903.1/1374
MdU.ead.histms.0248.xml,http://hdl.handle.net/1903.1/1402
MdU.ead.histms.0225.xml,http://hdl.handle.net/1903.1/1379
MdU.ead.histms.0253.xml,http://hdl.handle.net/1903.1/1407
MdU.ead.histms.0245.xml,http://hdl.handle.net/1903.1/1399
MdU.ead.histms.0226.xml,http://hdl.handle.net/1903.1/1380
MdU.ead.histms.0194.xml,http://hdl.handle.net/1903.1/1348
MdU.ead.histms.0249.xml,http://hdl.handle.net/1903.1/1403
MdU.ead.histms.0105.xml,http://hdl.handle.net/1903.1/1259
MdU.ead.histms.0187.xml,http://hdl.handle.net/1903.1/1341
MdU.ead.histms.0185.xml,http://hdl.handle.net/1903.1/1339
MdU.ead.histms.0098.xml,http://hdl.handle.net/1903.1/1252
MdU.ead.histms.0188.xml,http://hdl.handle.net/1903.1/1342
MdU.ead.histms.0156.xml,http://hdl.handle.net/1903.1/1310
MdU.ead.histms.0160.xml,http://hdl.handle.net/1903.1/1314
MdU.ead.histms.0180.xml,http://hdl.handle.net/1903.1/1334
MdU.ead.histms.0126.xml,http://hdl.handle.net/1903.1/1280
MdU.ead.litms.0008.xml,http://hdl.handle.net/1903.1/1500
MdU.ead.histms.0092.xml,http://hdl.handle.net/1903.1/1246
MdU.ead.histms.0088.xml,http://hdl.handle.net/1903.1/1242
MdU.ead.litms.0006.xml,http://hdl.handle.net/1903.1/1498
MdU.ead.univarch.0056.xml,http://hdl.handle.net/1903.1/1656
MdU.ead.litms.0007.xml,http://hdl.handle.net/1903.1/1499
MdU.ead.litms.0005.xml,http://hdl.handle.net/1903.1/1497
MdU.ead.histms.0079.xml,http://hdl.handle.net/1903.1/1233
MdU.ead.ntl.0004.xml,http://hdl.handle.net/1903.1/13396
MdU.ead.litms.0014.xml,http://hdl.handle.net/1903.1/1506
MdU.ead.litms.0003.xml,http://hdl.handle.net/1903.1/1495
MdU.ead.litms.0015.xml,http://hdl.handle.net/1903.1/1507
MdU.ead.histms.0313.xml,http://hdl.handle.net/1903.1/3022
MdU.ead.litms.0013.xml,http://hdl.handle.net/1903.1/1505
MdU.ead.litms.0011.xml,http://hdl.handle.net/1903.1/1503
MdU.ead.litms.0012.xml,http://hdl.handle.net/1903.1/1504
MdU.ead.litms.0009.xml,http://hdl.handle.net/1903.1/1501
MdU.ead.litms.0010.xml,http://hdl.handle.net/1903.1/1502
MdU.ead.litms.0019.xml,http://hdl.handle.net/1903.1/1510
MdU.ead.litms.0022.xml,http://hdl.handle.net/1903.1/1513
MdU.ead.litms.0004.xml,http://hdl.handle.net/1903.1/1496
MdU.ead.litms.0016.xml,http://hdl.handle.net/1903.1/1508
MdU.ead.litms.0023.xml,http://hdl.handle.net/1903.1/1514
MdU.ead.litms.0017.xml,http://hdl.handle.net/1903.1/1509
MdU.ead.litms.0024.xml,http://hdl.handle.net/1903.1/1515
MdU.ead.litms.0020.xml,http://hdl.handle.net/1903.1/1511
MdU.ead.litms.0025.xml,http://hdl.handle.net/1903.1/1516
MdU.ead.litms.0029.xml,http://hdl.handle.net/1903.1/1520
MdU.ead.litms.0035.xml,http://hdl.handle.net/1903.1/1526
MdU.ead.litms.0032.xml,http://hdl.handle.net/1903.1/1523
MdU.ead.litms.0031.xml,http://hdl.handle.net/1903.1/1522
MdU.ead.litms.0034.xml,http://hdl.handle.net/1903.1/1525
MdU.ead.litms.0027.xml,http://hdl.handle.net/1903.1/1518
MdU.ead.litms.0030.xml,http://hdl.handle.net/1903.1/1521
MdU.ead.litms.0026.xml,http://hdl.handle.net/1903.1/1517
MdU.ead.litms.0033.xml,http://hdl.handle.net/1903.1/1524
MdU.ead.litms.0037.xml,http://hdl.handle.net/1903.1/1528
MdU.ead.litms.0042.xml,http://hdl.handle.net/1903.1/1533
MdU.ead.litms.0045.xml,http://hdl.handle.net/1903.1/1536
MdU.ead.litms.0044.xml,http://hdl.handle.net/1903.1/1535
MdU.ead.litms.0038.xml,http://hdl.handle.net/1903.1/1529
MdU.ead.litms.0039.xml,http://hdl.handle.net/1903.1/1530
MdU.ead.litms.0036.xml,http://hdl.handle.net/1903.1/1527
MdU.ead.litms.0046.xml,http://hdl.handle.net/1903.1/1537
MdU.ead.litms.0043.xml,http://hdl.handle.net/1903.1/1534
MdU.ead.litms.0051.xml,http://hdl.handle.net/1903.1/1542
MdU.ead.litms.0048.xml,http://hdl.handle.net/1903.1/1539
MdU.ead.ntl.0007.xml,http://hdl.handle.net/1903.1/13264
MdU.ead.litms.0028.xml,http://hdl.handle.net/1903.1/1519
MdU.ead.litms.0049.xml,http://hdl.handle.net/1903.1/1540
MdU.ead.litms.0050.xml,http://hdl.handle.net/1903.1/1541
MdU.ead.litms.0052.xml,http://hdl.handle.net/1903.1/1543
MdU.ead.litms.0047.xml,http://hdl.handle.net/1903.1/1538
MdU.ead.litms.0053.xml,http://hdl.handle.net/1903.1/1544
MdU.ead.litms.0062.xml,http://hdl.handle.net/1903.1/1769
MdU.ead.litms.0058.xml,http://hdl.handle.net/1903.1/1549
MdU.ead.litms.0057.xml,http://hdl.handle.net/1903.1/1547
MdU.ead.litms.0065.xml,http://hdl.handle.net/1903.1/4586
MdU.ead.litms.0061.xml,http://hdl.handle.net/1903.1/1552
MdU.ead.litms.0059.xml,http://hdl.handle.net/1903.1/1550
MdU.ead.litms.0064.xml,http://hdl.handle.net/1903.1/3964
MdU.ead.litms.0060.xml,http://hdl.handle.net/1903.1/1551
MdU.ead.litms.0054.xml,http://hdl.handle.net/1903.1/1545
MdU.ead.litms.0067.xml,http://hdl.handle.net/1903.1/4596
MdU.ead.litms.0068.xml,http://hdl.handle.net/1903.1/4597
MdU.ead.litms.0066.xml,http://hdl.handle.net/1903.1/4600
MdU.ead.litms.0070.xml,http://hdl.handle.net/1903.1/4599
MdU.ead.litms.0071.xml,http://hdl.handle.net/1903.1/4603
MdU.ead.histms.0324.xml,http://hdl.handle.net/1903.1/9060
MdU.ead.litms.0018.xml,http://hdl.handle.net/1903.1/7432
MdU.ead.litms.0069.xml,http://hdl.handle.net/1903.1/4598
MdU.ead.histms.0292.xml,http://hdl.handle.net/1903.1/1458
MdU.ead.litms.0080.xml,http://hdl.handle.net/1903.1/7435
MdU.ead.litms.0075.xml,http://hdl.handle.net/1903.1/7416
MdU.ead.litms.0073.xml,http://hdl.handle.net/1903.1/7414
MdU.ead.litms.0074.xml,http://hdl.handle.net/1903.1/7415
MdU.ead.litms.0081.xml,http://hdl.handle.net/1903.1/7436
MdU.ead.litms.0078.xml,http://hdl.handle.net/1903.1/7433
MdU.ead.litms.0076.xml,http://hdl.handle.net/1903.1/7417
MdU.ead.litms.0077.xml,http://hdl.handle.net/1903.1/7418
MdU.ead.litms.0072.xml,http://hdl.handle.net/1903.1/4932
MdU.ead.litms.0084.xml,http://hdl.handle.net/1903.1/7439
MdU.ead.litms.0082.xml,http://hdl.handle.net/1903.1/7437
MdU.ead.litms.0088.xml,http://hdl.handle.net/1903.1/7850
MdU.ead.litms.0083.xml,http://hdl.handle.net/1903.1/7438
MdU.ead.litms.0089.xml,http://hdl.handle.net/1903.1/7851
MdU.ead.litms.0099.xml,http://hdl.handle.net/1903.1/14077
MdU.ead.litms.0087.xml,http://hdl.handle.net/1903.1/7644
MdU.ead.litms.0085.xml,http://hdl.handle.net/1903.1/7440
MdU.ead.litms.0086.xml,http://hdl.handle.net/1903.1/7849
MdU.ead.litms.0098.xml,http://hdl.handle.net/1903.1/11397
MdU.ead.litms.0094.xml,http://hdl.handle.net/1903.1/7855
MdU.ead.litms.0093.xml,http://hdl.handle.net/1903.1/7854
MdU.ead.litms.0092.xml,http://hdl.handle.net/1903.1/7853
MdU.ead.histms.0207.xml,http://hdl.handle.net/1903.1/1361
MdU.ead.litms.0097.xml,http://hdl.handle.net/1903.1/8637
MdU.ead.litms.0095.xml,http://hdl.handle.net/1903.1/7856
MdU.ead.litms.0096.xml,http://hdl.handle.net/1903.1/7857
MdU.ead.litms.0091.xml,http://hdl.handle.net/1903.1/7852
MdU.ead.histms.0312.xml,http://hdl.handle.net/1903.1/1473
MdU.ead.histms.0247.xml,http://hdl.handle.net/1903.1/1401
MdU.ead.histms.0167.xml,http://hdl.handle.net/1903.1/1321
MdU.ead.lab.0045.xml,http://hdl.handle.net/1903.1/16406
MdU.ead.univarch.0088.xml,http://hdl.handle.net/1903.1/9350
MdU.ead.lab.0040.xml,http://hdl.handle.net/1903.1/16405
MdU.ead.histms.0293.xml,http://hdl.handle.net/1903.1/8768
MdU.ead.univarch.0018.xml,http://hdl.handle.net/1903.1/1675
MdU.ead.univarch.0036.xml,http://hdl.handle.net/1903.1/1665
MdU.ead.histms.0176.xml,http://hdl.handle.net/1903.1/1330
MdU.ead.hbkspec.0005.xml,http://hdl.handle.net/1903.1/18496
MdU.ead.univarch.0002.xml,http://hdl.handle.net/1903.1/1762
MdU.ead.litms.0040.xml,http://hdl.handle.net/1903.1/1531
MdU.ead.lab.0030.xml,http://hdl.handle.net/1903.1/4928
MdU.ead.univarch.0094.xml,http://hdl.handle.net/1903.1/4617
MdU.ead.histms.0346.xml,http://hdl.handle.net/1903.1/9065
MdU.ead.univarch.0040.xml,http://hdl.handle.net/1903.1/1669
MdU.ead.lab.0004.xml,http://hdl.handle.net/1903.1/1486
MdU.ead.lab.0001.xml,http://hdl.handle.net/1903.1/1483
MdU.ead.lab.0002.xml,http://hdl.handle.net/1903.1/1484
MdU.ead.hbkspec.0002.xml,http://hdl.handle.net/1903.1/17190
MdU.ead.hbkspec.0004.xml,http://hdl.handle.net/1903.1/18512
MdU.ead.lab.0006.xml,http://hdl.handle.net/1903.1/1488
MdU.ead.lab.0005.xml,http://hdl.handle.net/1903.1/1487
MdU.ead.lab.0003.xml,http://hdl.handle.net/1903.1/1485
MdU.ead.hbkspec.0001.xml,http://hdl.handle.net/1903.1/16916
MdU.ead.lab.0014.xml,http://hdl.handle.net/1903.1/3298
MdU.ead.lab.0013.xml,http://hdl.handle.net/1903.1/1492
MdU.ead.lab.0010.xml,http://hdl.handle.net/1903.1/3297
MdU.ead.lab.0012.xml,http://hdl.handle.net/1903.1/1491
MdU.ead.lab.0009.xml,http://hdl.handle.net/1903.1/1490
MdU.ead.lab.0011.xml,http://hdl.handle.net/1903.1/3300
MdU.ead.lab.0015.xml,http://hdl.handle.net/1903.1/3299
MdU.ead.lab.0008.xml,http://hdl.handle.net/1903.1/1489
MdU.ead.lab.0007.xml,http://hdl.handle.net/1903.1/3294
MdU.ead.npba.0002.xml,http://hdl.handle.net/1903.1/1554
MdU.ead.npba.0003.xml,http://hdl.handle.net/1903.1/1555
MdU.ead.npba.0004.xml,http://hdl.handle.net/1903.1/1556
MdU.ead.npba.0006.xml,http://hdl.handle.net/1903.1/1558
MdU.ead.npba.0001.xml,http://hdl.handle.net/1903.1/1553
MdU.ead.lab.0018.xml,http://hdl.handle.net/1903.1/5401
MdU.ead.lab.0016.xml,http://hdl.handle.net/1903.1/4587
MdU.ead.lab.0017.xml,http://hdl.handle.net/1903.1/3295
MdU.ead.hbkspec.0006.xml,http://hdl.handle.net/1903.1/18683
MdU.ead.npba.0013.xml,http://hdl.handle.net/1903.1/1563
MdU.ead.npba.0015.xml,http://hdl.handle.net/1903.1/1565
MdU.ead.npba.0012.xml,http://hdl.handle.net/1903.1/1562
MdU.ead.npba.0011.xml,http://hdl.handle.net/1903.1/1561
MdU.ead.npba.0014.xml,http://hdl.handle.net/1903.1/1564
MdU.ead.npba.0005.xml,http://hdl.handle.net/1903.1/1557
MdU.ead.npba.0007.xml,http://hdl.handle.net/1903.1/1559
MdU.ead.npba.0010.xml,http://hdl.handle.net/1903.1/1560
MdU.ead.npba.0008.xml,http://hdl.handle.net/1903.1/8402
MdU.ead.npba.0016.xml,http://hdl.handle.net/1903.1/1566
MdU.ead.npba.0022.xml,http://hdl.handle.net/1903.1/1572
MdU.ead.npba.0019.xml,http://hdl.handle.net/1903.1/1569
MdU.ead.npba.0018.xml,http://hdl.handle.net/1903.1/1568
MdU.ead.npba.0024.xml,http://hdl.handle.net/1903.1/1574
MdU.ead.npba.0023.xml,http://hdl.handle.net/1903.1/1573
MdU.ead.npba.0021.xml,http://hdl.handle.net/1903.1/1571
MdU.ead.npba.0017.xml,http://hdl.handle.net/1903.1/1567
MdU.ead.npba.0020.xml,http://hdl.handle.net/1903.1/1570
MdU.ead.npba.0027.xml,http://hdl.handle.net/1903.1/1577
MdU.ead.npba.0041.xml,http://hdl.handle.net/1903.1/1590
MdU.ead.npba.0025.xml,http://hdl.handle.net/1903.1/1575
MdU.ead.npba.0030.xml,http://hdl.handle.net/1903.1/1580
MdU.ead.npba.0026.xml,http://hdl.handle.net/1903.1/1576
MdU.ead.npba.0050.xml,http://hdl.handle.net/1903.1/1600
MdU.ead.npba.0051.xml,http://hdl.handle.net/1903.1/1601
MdU.ead.npba.0028.xml,http://hdl.handle.net/1903.1/1578
MdU.ead.npba.0049.xml,http://hdl.handle.net/1903.1/1599
MdU.ead.npba.0045.xml,http://hdl.handle.net/1903.1/1595
MdU.ead.npba.0053.xml,http://hdl.handle.net/1903.1/1603
MdU.ead.npba.0048.xml,http://hdl.handle.net/1903.1/1598
MdU.ead.hbkspec.0003.xml,http://hdl.handle.net/1903.1/17452
MdU.ead.npba.0083.xml,http://hdl.handle.net/1903.1/18756
MdU.ead.litms.0055.xml,http://hdl.handle.net/1903.1/1546
MdU.ead.univarch.0039.xml,http://hdl.handle.net/1903.1/1668
MdU.ead.scpa.0014.xml,http://hdl.handle.net/1903.1/1754
MdU.ead.univarch.0163.xml,"http://hdl.handle.net/1903.1/19083,http://hdl.handle.net/1903.1/19084"
MdU.ead.scpa.0056.xml,http://hdl.handle.net/1903.1/3969
MdU.ead.scpa.0057.xml,http://hdl.handle.net/1903.1/3970
MdU.ead.histms.0239.xml,http://hdl.handle.net/1903.1/1393
MdU.ead.univarch.0135.xml,"http://hdl.handle.net/1903.1/8101,http://hdl.handle.net/1903.1/8100"
MdU.ead.scpa.0116.xml,http://hdl.handle.net/1903.1/19203
MdU.ead.scpa.0152.xml,http://hdl.handle.net/1903.1/21139
MdU.ead.scpa.0065.xml,http://hdl.handle.net/1903.1/5858
MdU.ead.scpa.0150.xml,http://hdl.handle.net/1903.1/21140
MdU.ead.scpa.0153.xml,http://hdl.handle.net/1903.1/21208
MdU.ead.scpa.0062.xml,http://hdl.handle.net/1903.1/4583
MdU.ead.scpa.0130.xml,http://hdl.handle.net/1903.1/19476
MdU.ead.scpa.0143.xml,http://hdl.handle.net/1903.1/19494
MdU.ead.scpa.0151.xml,http://hdl.handle.net/1903.1/21138
MdU.ead.scpa.0140.xml,http://hdl.handle.net/1903.1/19491
MdU.ead.scpa.0060.xml,http://hdl.handle.net/1903.1/4277
MdU.ead.scpa.0052.xml,http://hdl.handle.net/1903.1/3962
MdU.ead.scpa.0006.xml,http://hdl.handle.net/1903.1/1214
MdU.ead.scpa.0061.xml,http://hdl.handle.net/1903.1/4278
MdU.ead.scpa.0074.xml,http://hdl.handle.net/1903.1/4938
MdU.ead.scpa.0001.xml,http://hdl.handle.net/1903.1/1209
MdU.ead.scpa.0080.xml,http://hdl.handle.net/1903.1/7968
MdU.ead.scpa.0082.xml,http://hdl.handle.net/1903.1/1649
MdU.ead.scpa.0079.xml,http://hdl.handle.net/1903.1/7667
MdU.ead.histms.0017.xml,http://hdl.handle.net/1903.1/1751
MdU.ead.histms.0016.xml,http://hdl.handle.net/1903.1/1750
MdU.ead.histms.0025.xml,http://hdl.handle.net/1903.1/1727
MdU.ead.histms.0028.xml,http://hdl.handle.net/1903.1/1730
MdU.ead.histms.0021.xml,http://hdl.handle.net/1903.1/1723
MdU.ead.histms.0069.xml,http://hdl.handle.net/1903.1/1223
MdU.ead.histms.0007.xml,http://hdl.handle.net/1903.1/1741
MdU.ead.histms.0024.xml,http://hdl.handle.net/1903.1/1726
MdU.ead.histms.0032.xml,http://hdl.handle.net/1903.1/1734
MdU.ead.histms.0323.xml,http://hdl.handle.net/1903.1/3009
MdU.ead.histms.0272.xml,http://hdl.handle.net/1903.1/1438
MdU.ead.histms.0337.xml,http://hdl.handle.net/1903.1/4276
MdU.ead.histms.0290.xml,http://hdl.handle.net/1903.1/1456
MdU.ead.histms.0335.xml,http://hdl.handle.net/1903.1/3966
MdU.ead.univarch.0037.xml,http://hdl.handle.net/1903.1/1666
MdU.ead.histms.0306.xml,http://hdl.handle.net/1903.1/1468
MdU.ead.histms.0347.xml,http://hdl.handle.net/1903.1/9066
MdU.ead.scpa.0022.xml,http://hdl.handle.net/1903.1/20550
MdU.ead.histms.0135.xml,http://hdl.handle.net/1903.1/1289
MdU.ead.histms.0164.xml,http://hdl.handle.net/1903.1/1318
MdU.ead.univarch.0131.xml,http://hdl.handle.net/1903.1/15549
MdU.ead.univarch.0134.xml,http://hdl.handle.net/1903.1/15548
MdU.ead.univarch.0181.xml,http://hdl.handle.net/1903.1/24066
MdU.ead.scpa.0156.xml,http://hdl.handle.net/1903.1/21853
MdU.ead.univarch.0136.xml,http://hdl.handle.net/1903.1/24059
MdU.ead.univarch.0158.xml,http://hdl.handle.net/1903.1/10365
MdU.ead.histms.0009.xml,http://hdl.handle.net/1903.1/1743
MdU.ead.histms.0147.xml,http://hdl.handle.net/1903.1/1301
MdU.ead.univarch.0191.xml,http://hdl.handle.net/1903.1/24121
MdU.ead.univarch.0178.xml,http://hdl.handle.net/1903.1/24658
MdU.ead.univarch.0189.xml,http://hdl.handle.net/1903.1/24679
MdU.ead.univarch.0143.xml,http://hdl.handle.net/1903.1/24655
MdU.ead.univarch.0145.xml,http://hdl.handle.net/1903.1/24114
MdU.ead.univarch.0144.xml,http://hdl.handle.net/1903.1/24127
MdU.ead.histms.0278.xml,http://hdl.handle.net/1903.1/1444
MdU.ead.histms.0030.xml,http://hdl.handle.net/1903.1/1732
MdU.ead.univarch.0022.xml,http://hdl.handle.net/1903.1/1679
MdU.ead.hbkspec.0033.xml,http://hdl.handle.net/1903.1/24166
MdU.ead.scpa.0063.xml,http://hdl.handle.net/1903.1/4585
MdU.ead.univarch.0177.xml,http://hdl.handle.net/1903.1/24118
MdU.ead.univarch.0176.xml,http://hdl.handle.net/1903.1/24119
MdU.ead.histms.0047.xml,http://hdl.handle.net/1903.1/1716
MdU.ead.hbkspec.0034.xml,http://hdl.handle.net/1903.1/23599
MdU.ead.ipam.0031.xml,http://hdl.handle.net/1903.1/24329
MdU.ead.ipam.0029.xml,http://hdl.handle.net/1903.1/24327
MdU.ead.ipam.0021.xml,http://hdl.handle.net/1903.1/24330
MdU.ead.ipam.0026.xml,http://hdl.handle.net/1903.1/24333
MdU.ead.ipam.0028.xml,http://hdl.handle.net/1903.1/24328
MdU.ead.ipam.0020.xml,http://hdl.handle.net/1903.1/24331
MdU.ead.hbkspec.0068.xml,http://hdl.handle.net/1903.1/25004
MdU.ead.hbkspec.0045.xml,http://hdl.handle.net/1903.1/25005
MdU.ead.scpa.0081.xml,http://hdl.handle.net/1903.1/9381
MdU.ead.scpa.0051.xml,http://hdl.handle.net/1903.1/3961
MdU.ead.scpa.0118.xml,http://hdl.handle.net/1903.1/19223
MdU.ead.scpa.0017.xml,http://hdl.handle.net/1903.1/1757
MdU.ead.scpa.0044.xml,http://hdl.handle.net/1903.1/3007
MdU.ead.scpa.0179.xml,http://hdl.handle.net/1903.1/25020
MdU.ead.scpa.0144.xml,http://hdl.handle.net/1903.1/19495
MdU.ead.scpa.0029.xml,http://hdl.handle.net/1903.1/2991
MdU.ead.scpa.0178.xml,http://hdl.handle.net/1903.1/25019
MdU.ead.scpa.0023.xml,http://hdl.handle.net/1903.1/1768
MdU.ead.scpa.0219.xml,http://hdl.handle.net/1903.1/33492
MdU.ead.scpa.0067.xml,http://hdl.handle.net/1903.1/4592
MdU.ead.scpa.0070.xml,http://hdl.handle.net/1903.1/4608
MdU.ead.scpa.0217.xml,http://hdl.handle.net/1903.1/33475
MdU.ead.scpa.0218.xml,http://hdl.handle.net/1903.1/33480
Mdu.ead.scpa.0195.xml,http://hdl.handle.net/1903.1/26175
MdU.ead.scpa.0211.xml,http://hdl.handle.net/1903.1/32943
MdU.ead.npba.0029.xml,http://hdl.handle.net/1903.1/1579
MdU.ead.npba.0032.xml,http://hdl.handle.net/1903.1/11189
MdU.ead.npba.0033.xml,http://hdl.handle.net/1903.1/1582
MdU.ead.npba.0055.xml,http://hdl.handle.net/1903.1/1605
MdU.ead.npba.0052.xml,http://hdl.handle.net/1903.1/1602
MdU.ead.npba.0059.xml,http://hdl.handle.net/1903.1/1609
MdU.ead.npba.0056.xml,http://hdl.handle.net/1903.1/1606
MdU.ead.npba.0054.xml,http://hdl.handle.net/1903.1/1604
MdU.ead.npba.0057.xml,http://hdl.handle.net/1903.1/1607
MdU.ead.npba.0031.xml,http://hdl.handle.net/1903.1/1581
MdU.ead.ipam.0007.xml,http://hdl.handle.net/1903.1/19398
MdU.ead.ipam.0009.xml,http://hdl.handle.net/1903.1/19400
MdU.ead.ipam.0006.xml,http://hdl.handle.net/1903.1/19379
MdU.ead.ipam.0011.xml,http://hdl.handle.net/1903.1/19604
MdU.ead.histms.0171.xml,http://hdl.handle.net/1903.1/1325
MdU.ead.ipam.0008.xml,http://hdl.handle.net/1903.1/19399
MdU.ead.ipam.0012.xml,http://hdl.handle.net/1903.1/19605
MdU.ead.hbkspec.0013.xml,http://hdl.handle.net/1903.1/19640
MdU.ead.hbkspec.0014.xml,http://hdl.handle.net/1903.1/19639
MdU.ead.scpa.0053.xml,http://hdl.handle.net/1903.1/3963
MdU.ead.ipam0031.xml,http://hdl.handle.net/1903.1/21100
MdU.ead.ipam0029.xml,http://hdl.handle.net/1903.1/21033
MdU.ead.ipam0030.xml,http://hdl.handle.net/1903.1/21099
MdU.ead.ipam0027.xml,http://hdl.handle.net/1903.1/20983
MdU.ead.ipam0026.xml,http://hdl.handle.net/1903.1/20981
MdU.ead.ipam0028.xml,http://hdl.handle.net/1903.1/20982
MdU.ead.scpa.0050.xml,http://hdl.handle.net/1903.1/12592
MdU.ead.npba.0104.xml,http://hdl.handle.net/1903.1/21032
MdU.ead.scpa.0010.xml,http://hdl.handle.net/1903.1/1218
MdU.ead.scpa.0048.xml,http://hdl.handle.net/1903.1/3287
MdU.ead.scpa.0011.xml,http://hdl.handle.net/1903.1/1219
MdU.ead.scpa.0021.xml,http://hdl.handle.net/1903.1/1766
MdU.ead.scpa.0033.xml,http://hdl.handle.net/1903.1/2995
MdU.ead.scpa.0141.xml,http://hdl.handle.net/1903.1/19492
MdU.ead.scpa.0069.xml,http://hdl.handle.net/1903.1/4595
MdU.ead.scpa.0126.xml,http://hdl.handle.net/1903.1/19429
MdU.ead.scpa.0165.xml,http://hdl.handle.net/1903.1/23400
MdU.ead.scpa.0113.xml,http://hdl.handle.net/1903.1/19219
MdU.ead.scpa.0037.xml,http://hdl.handle.net/1903.1/2999
MdU.ead.scpa.0105.xml,http://hdl.handle.net/1903.1/19224
MdU.ead.scpa.0124.xml,http://hdl.handle.net/1903.1/19427
MdU.ead.scpa.0121.xml,http://hdl.handle.net/1903.1/19225
MdU.ead.scpa.0120.xml,http://hdl.handle.net/1903.1/19229
MdU.ead.scpa.0137.xml,http://hdl.handle.net/1903.1/19488
MdU.ead.scpa.0123.xml,http://hdl.handle.net/1903.1/19426
MdU.ead.scpa.0139.xml,http://hdl.handle.net/1903.1/19490
MdU.ead.histms.0259.xml,http://hdl.handle.net/1903.1/1413
MdU.ead.histms.0209.xml,http://hdl.handle.net/1903.1/1363
MdU.ead.histms.0237.xml,http://hdl.handle.net/1903.1/1391
MdU.ead.histms.0215.xml,http://hdl.handle.net/1903.1/1369
MdU.ead.histms.0210.xml,http://hdl.handle.net/1903.1/1364
MdU.ead.histms.0243.xml,http://hdl.handle.net/1903.1/1397
MdU.ead.histms.0206.xml,http://hdl.handle.net/1903.1/1360
MdU.ead.histms.0208.xml,http://hdl.handle.net/1903.1/1362
MdU.ead.histms.0212.xml,http://hdl.handle.net/1903.1/1366
MdU.ead.univarch.0128.xml,http://hdl.handle.net/1903.1/8870
MdU.ead.univarch.0156.xml,http://hdl.handle.net/1903.1/10899
MdU.ead.univarch.0119.xml,http://hdl.handle.net/1903.1/8874
MdU.ead.univarch.0114.xml,http://hdl.handle.net/1903.1/7721
MdU.ead.univarch.0125.xml,http://hdl.handle.net/1903.1/8879
MdU.ead.univarch.0123.xml,http://hdl.handle.net/1903.1/8878
MdU.ead.univarch.0155.xml,http://hdl.handle.net/1903.1/10902
MdU.ead.univarch.0126.xml,http://hdl.handle.net/1903.1/8880
MdU.ead.univarch.0157.xml,http://hdl.handle.net/1903.1/11118
MdU.ead.histms.0193.xml,http://hdl.handle.net/1903.1/1347
MdU.ead.ntl.0001.xml,http://hdl.handle.net/1903.1/11274
MdU.ead.hbkspec.0036.xml,http://hdl.handle.net/1903.1/24645
MdU.ead.univarch.0124.xml,http://hdl.handle.net/1903.1/24646
MdU.ead.univarch.0184.xml,http://hdl.handle.net/1903.1/24650
MdU.ead.univarch.0142.xml,http://hdl.handle.net/1903.1/24654
MdU.ead.histms.0282.xml,http://hdl.handle.net/1903.1/1448
MdU.ead.univarch.0122.xml,http://hdl.handle.net/1903.1/8877
MdU.ead.univarch.0182.xml,http://hdl.handle.net/1903.1/24067
MdU.ead.univarch.0180.xml,http://hdl.handle.net/1903.1/24122
MdU.ead.univarch.0139.xml,http://hdl.handle.net/1903.1/24647
MdU.ead.univarch.0185.xml,http://hdl.handle.net/1903.1/24129
MdU.ead.univarch.0188.xml,http://hdl.handle.net/1903.1/24070
MdU.ead.univarch.0137.xml,http://hdl.handle.net/1903.1/24060
MdU.ead.univarch.0179.xml,http://hdl.handle.net/1903.1/24128
MdU.ead.univarch.0187.xml,http://hdl.handle.net/1903.1/24125
MdU.ead.univarch.0183.xml,http://hdl.handle.net/1903.1/24068
MdU.ead.scpa.0008.xml,http://hdl.handle.net/1903.1/1216
MdU.ead.scpa.0192.xml,http://hdl.handle.net/1903.1/25668
MdU.ead.scpa.0022.xml,http://hdl.handle.net/1903.1/1767
MdU.ead.ipam.0027.xml,http://hdl.handle.net/1903.1/24323
MdU.ead.scpa.0196.xml,http://hdl.handle.net/1903.1/26176
MdU.ead.univarch.0130.xml,http://hdl.handle.net/1903.1/24653
MdU.ead.scpa.0106.xml,"http://hdl.handle.net/1903.1/19168,http://hdl.handle.net/1903.1/19167"
MdU.ead.univarch.0073.xml,http://hdl.handle.net/1903.1/1645
MdU.ead.scpa.0206.xml,"http://hdl.handle.net/1903.1/32167,http://hdl.handle.net/1903.1/32166"
MdU.ead.scpa.0025.xml,http://hdl.handle.net/1903.1/1772
MdU.ead.scpa.0175.xml,http://hdl.handle.net/1903.1/25016
MdU.ead.scpa.0034.xml,http://hdl.handle.net/1903.1/2996
MdU.ead.ipam.0023.xml,http://hdl.handle.net/1903.1/24332
MdU.ead.scpa.0088.xml,http://hdl.handle.net/1903.1/12720
MdU.ead.scpa.0164.xml,http://hdl.handle.net/1903.1/23399
MdU.ead.scpa.0193.xml,http://hdl.handle.net/1903.1/25669
MdU.ead.scpa.0136.xml,http://hdl.handle.net/1903.1/19483
MdU.ead.histms.0118.xml,http://hdl.handle.net/1903.1/1272
MdU.ead.lab.0035.xml,http://hdl.handle.net/1903.1/15706
MdU.ead.scpa.0019.xml,http://hdl.handle.net/1903.1/1759
MdU.ead.histms.0177.xml,http://hdl.handle.net/1903.1/1331
MdU.ead.univarch.0054.xml,http://hdl.handle.net/1903.1/1654
MdU.ead.scpa.0210.xml,http://hdl.handle.net/1903.1/32738
MdU.ead.univarch.0007.xml,http://hdl.handle.net/1903.1/1416
MdU.ead.univarch.0067.xml,http://hdl.handle.net/1903.1/1639
MdU.ead.scpa.0078.xml,http://hdl.handle.net/1903.1/7534
MdU.ead.histms.0124.xml,http://hdl.handle.net/1903.1/1278
MdU.ead.scpa.0002.xml,http://hdl.handle.net/1903.1/1210
MdU.ead.scpa.0148.xml,http://hdl.handle.net/1903.1/21142
MdU.ead.scpa.0083.xml,http://hdl.handle.net/1903.1/10731
MdU.ead.scpa.0066.xml,http://hdl.handle.net/1903.1/4590
MdU.ead.scpa.0184.xml,http://hdl.handle.net/1903.1/25010
MdU.ead.scpa.0028.xml,http://hdl.handle.net/1903.1/2990
MdU.ead.scpa.0159.xml,http://hdl.handle.net/1903.1/22535
MdU.ead.scpa.0189.xml,http://hdl.handle.net/1903.1/25014
MdU.ead.histms.0041.xml,http://hdl.handle.net/1903.1/1710
MdU.ead.hbkspec.0010.xml,http://hdl.handle.net/1903.1/18936
MdU.ead.npba.0076.xml,http://hdl.handle.net/1903.1/9217
MdU.ead.mdia.0002.xml,http://hdl.handle.net/1903.1/13186
MdU.ead.histms.0080.xml,http://hdl.handle.net/1903.1/1234
MdU.ead.npba.0078.xml,http://hdl.handle.net/1903.1/10355
MdU.ead.npba.0079.xml,http://hdl.handle.net/1903.1/3971
MdU.ead.npba.0082.xml,http://hdl.handle.net/1903.1/4581
MdU.ead.npba.0070.xml,http://hdl.handle.net/1903.1/1620
MdU.ead.npba.0083.xml,http://hdl.handle.net/1903.1/18782
MdU.ead.histms.0043.xml,http://hdl.handle.net/1903.1/1712
MdU.ead.ipam.0005.xml,"http://hdl.handle.net/1903.1/19378,http://hdl.handle.net/1903.1/19377"
MdU.ead.ipam.0002.xml,http://hdl.handle.net/1903.1/19359
MdU.ead.ipam.0003.xml,http://hdl.handle.net/1903.1/19360
MdU.ead.univarch.0085.xml,http://hdl.handle.net/1903.1/9348
MdU.ead.ipam.0010.xml,http://hdl.handle.net/1903.1/19425
MdU.ead.hbkspec.0011.xml,"http://hdl.handle.net/1903.1/19437,http://hdl.handle.net/1903.1/19436"
MdU.ead.histms.0342.xml,http://hdl.handle.net/1903.1/9061
MdU.ead.histms.0354.xml,http://hdl.handle.net/1903.1/11030
MdU.ead.hbkspec.0022.xml,http://hdl.handle.net/1903.1/20782
MdU.ead.ipam0025.xml,http://hdl.handle.net/1903.1/20833
MdU.ead.ipam0024.xml,http://hdl.handle.net/1903.1/20831
MdU.ead.hbkspec.0020.xml,http://hdl.handle.net/1903.1/20584
MdU.ead.lab.0051.xml,http://hdl.handle.net/1903.1/20707
MdU.ead.lab.0024.xml,http://hdl.handle.net/1903.1/20700
MdU.ead.lab.0031.xml,http://hdl.handle.net/1903.1/4926
MdU.ead.npba.0074.xml,http://hdl.handle.net/1903.1/1208
MdU.ead.lab.0032.xml,http://hdl.handle.net/1903.1/4927
MdU.ead.scpa.0040.xml,http://hdl.handle.net/1903.1/3002
MdU.ead.scpa.0013.xml,http://hdl.handle.net/1903.1/1221
MdU.ead.scpa.0035.xml,http://hdl.handle.net/1903.1/2997
MdU.ead.scpa.0015.xml,http://hdl.handle.net/1903.1/1755
MdU.ead.scpa.0020.xml,http://hdl.handle.net/1903.1/1760
MdU.ead.scpa.0031.xml,http://hdl.handle.net/1903.1/2993
MdU.ead.scpa.0041.xml,http://hdl.handle.net/1903.1/3003
MdU.ead.scpa.0032.xml,http://hdl.handle.net/1903.1/2994
MdU.ead.scpa.0045.xml,http://hdl.handle.net/1903.1/3008
MdU.ead.histms.0186.xml,http://hdl.handle.net/1903.1/1340
MdU.ead.histms.0174.xml,http://hdl.handle.net/1903.1/1328
MdU.ead.histms.0163.xml,http://hdl.handle.net/1903.1/1317
MdU.ead.histms.0203.xml,http://hdl.handle.net/1903.1/1357
MdU.ead.histms.0191.xml,http://hdl.handle.net/1903.1/1345
MdU.ead.histms.0202.xml,http://hdl.handle.net/1903.1/1356
MdU.ead.histms.0129.xml,http://hdl.handle.net/1903.1/1283
MdU.ead.histms.0200.xml,http://hdl.handle.net/1903.1/1354
MdU.ead.histms.0195.xml,http://hdl.handle.net/1903.1/1349
MdU.ead.univarch.0058.xml,http://hdl.handle.net/1903.1/1658
MdU.ead.univarch.0060.xml,http://hdl.handle.net/1903.1/1660
MdU.ead.univarch.0068.xml,http://hdl.handle.net/1903.1/1640
MdU.ead.univarch.0043.xml,http://hdl.handle.net/1903.1/8811
MdU.ead.univarch.0046.xml,http://hdl.handle.net/1903.1/1674
MdU.ead.univarch.0050.xml,http://hdl.handle.net/1903.1/1650
MdU.ead.univarch.0070.xml,http://hdl.handle.net/1903.1/1642
MdU.ead.univarch.0069.xml,http://hdl.handle.net/1903.1/1641
MdU.ead.scpa.0020.xml,http://hdl.handle.net/1903.1/20413
MdU.ead.ipam.0016.xml,http://hdl.handle.net/1903.1/24319
MdU.ead.ipam.0017.xml,http://hdl.handle.net/1903.1/24318
MdU.ead.ipam.0015.xml,http://hdl.handle.net/1903.1/24316
MdU.ead.ipam.0018.xml,http://hdl.handle.net/1903.1/24321
MdU.ead.ipam.0004.xml,http://hdl.handle.net/1903.1/19361
MdU.ead.ipam.0014.xml,http://hdl.handle.net/1903.1/24317
MdU.ead.ipam.0019.xml,http://hdl.handle.net/1903.1/24320
MdU.ead.histms.0348.xml,http://hdl.handle.net/1903.1/15566
MdU.ead.univarch.0169.xml,http://hdl.handle.net/1903.1/24064
MdU.ead.univarch.0146.xml,http://hdl.handle.net/1903.1/24115
MdU.ead.univarch.0166.xml,http://hdl.handle.net/1903.1/24061
MdU.ead.univarch.0164.xml,http://hdl.handle.net/1903.1/24649
MdU.ead.univarch.0170.xml,http://hdl.handle.net/1903.1/24065
MdU.ead.univarch.0141.xml,http://hdl.handle.net/1903.1/24648
MdU.ead.univarch.0168.xml,http://hdl.handle.net/1903.1/24063
MdU.ead.univarch.0167.xml,http://hdl.handle.net/1903.1/24062
MdU.ead.univarch.0171.xml,http://hdl.handle.net/1903.1/24656
MdU.ead.hbkspec.0073.xml,http://hdl.handle.net/1903.1/24998
MdU.ead.hbkspec.0062.xml,http://hdl.handle.net/1903.1/24999
MdU.ead.hbkspec.0024.xml,http://hdl.handle.net/1903.1/24165
MdU.ead.hbkspec.0063.xml,http://hdl.handle.net/1903.1/25003
MdU.ead.scpa.0125.xml,http://hdl.handle.net/1903.1/19428
MdU.ead.hbkspec.0044.xml,http://hdl.handle.net/1903.1/25001
MdU.ead.hbkspec.0066.xml,http://hdl.handle.net/1903.1/25000
MdU.ead.scpa.0180.xml,http://hdl.handle.net/1903.1/25006
MdU.ead.scpa.0181.xml,http://hdl.handle.net/1903.1/25007
MdU.ead.scpa.0007.xml,http://hdl.handle.net/1903.1/1215
MdU.ead.scpa.0004.xml,http://hdl.handle.net/1903.1/1212
MdU.ead.scpa.0132.xml,http://hdl.handle.net/1903.1/19478
MdU.ead.scpa.0187.xml,http://hdl.handle.net/1903.1/25008
MdU.ead.scpa.0027.xml,http://hdl.handle.net/1903.1/2989
MdU.ead.scpa.0089.xml,http://hdl.handle.net/1903.1/13402
MdU.ead.scpa.0177.xml,http://hdl.handle.net/1903.1/25018
MdU.ead.scpa.0182.xml,http://hdl.handle.net/1903.1/25021
MdU.ead.scpa.0055.xml,http://hdl.handle.net/1903.1/3968
MdU.ead.scpa.0075.xml,http://hdl.handle.net/1903.1/4966
MdU.ead.scpa.0012.xml,http://hdl.handle.net/1903.1/1220
MdU.ead.scpa.0097.xml,http://hdl.handle.net/1903.1/16692
MdU.ead.scpa.0096.xml,http://hdl.handle.net/1903.1/15119
MdU.ead.scpa.0104.xml,http://hdl.handle.net/1903.1/19186
MdU.ead.scpa.0167.xml,http://hdl.handle.net/1903.1/23536
MdU.ead.scpa.0197.xml,"http://hdl.handle.net/1903.1/26640,http://hdl.handle.net/1903.1/26639"
MdU.ead.scpa.0134.xml,http://hdl.handle.net/1903.1/19480
MdU.ead.scpa.0207.xml,http://hdl.handle.net/1903.1/32247
MdU.ead.scpa.0059.xml,http://hdl.handle.net/1903.1/3973
MdU.ead.scpa.0215.xml,http://hdl.handle.net/1903.1/33425
MdU.ead.scpa.0016.xml,http://hdl.handle.net/1903.1/1756
MdU.ead.scpa.0107.xml,http://hdl.handle.net/1903.1/19486
MdU.ead.scpa.0214.xml,http://hdl.handle.net/1903.1/32984
MdU.ead.scpa.0201.xml,http://hdl.handle.net/1903.1/30672
MdU.ead.scpa.0122.xml,http://hdl.handle.net/1903.1/19269
MdU.ead.scpa.0198.xml,http://hdl.handle.net/1903.1/26641
MdU.ead.npba.0039.xml,http://hdl.handle.net/1903.1/1588
MdU.ead.npba.0058.xml,http://hdl.handle.net/1903.1/1608
MdU.ead.npba.0060.xml,http://hdl.handle.net/1903.1/1610
MdU.ead.npba.0043.xml,http://hdl.handle.net/1903.1/1592
MdU.ead.npba.0037.xml,http://hdl.handle.net/1903.1/1586
MdU.ead.npba.0038.xml,http://hdl.handle.net/1903.1/1587
MdU.ead.npba.0034.xml,http://hdl.handle.net/1903.1/1583
MdU.ead.npba.0042.xml,http://hdl.handle.net/1903.1/1591
MdU.ead.npba.0035.xml,http://hdl.handle.net/1903.1/1584
MdU.ead.npba.0036.xml,http://hdl.handle.net/1903.1/1585
MdU.ead.histms.0358.xml,http://hdl.handle.net/1903.1/15544
MdU.ead.histms.0271.xml,http://hdl.handle.net/1903.1/1437
MdU.ead.ipam0016.xml,http://hdl.handle.net/1903.1/20102
MdU.ead.univarch.0161.xml,http://hdl.handle.net/1903.1/16067
MdU.ead.ipam0015.xml,http://hdl.handle.net/1903.1/19849
MdU.ead.ipam0014.xml,http://hdl.handle.net/1903.1/19830
MdU.ead.ipam0013.xml,http://hdl.handle.net/1903.1/19829
MdU.ead.univarch.0165.xml,http://hdl.handle.net/1903.1/19770
MdU.ead.ipam.0001.xml,http://hdl.handle.net/1903.1/19358
MdU.ead.scpa.0077.xml,http://hdl.handle.net/1903.1/6421
MdU.ead.scpa.0093.xml,http://hdl.handle.net/1903.1/14899
MdU.ead.scpa.0076.xml,http://hdl.handle.net/1903.1/4943
MdU.ead.scpa.0092.xml,http://hdl.handle.net/1903.1/14897
MdU.ead.scpa.0073.xml,http://hdl.handle.net/1903.1/6044
MdU.ead.scpa.0094.xml,http://hdl.handle.net/1903.1/14900
MdU.ead.scpa.0109.xml,"http://hdl.handle.net/1903.1/19211,http://hdl.handle.net/1903.1/19210"
MdU.ead.npba.0072.xml,http://hdl.handle.net/1903.1/20698
MdU.ead.lab.0053.xml,http://hdl.handle.net/1903.1/20693
MdU.ead.scpa.0098.xml,http://hdl.handle.net/1903.1/18549
MdU.ead.scpa.0084.xml,http://hdl.handle.net/1903.1/11506
MdU.ead.histms.0356.xml,http://hdl.handle.net/1903.1/12798
MdU.ead.scpa.0086.xml,http://hdl.handle.net/1903.1/11994
MdU.ead.scpa.0154.xml,http://hdl.handle.net/1903.1/21207
MdU.ead.scpa.0166.xml,http://hdl.handle.net/1903.1/23401
MdU.ead.scpa.0108.xml,http://hdl.handle.net/1903.1/19209
MdU.ead.scpa.0072.xml,http://hdl.handle.net/1903.1/4601
MdU.ead.scpa.0162.xml,http://hdl.handle.net/1903.1/23397
MdU.ead.litms.0041.xml,http://hdl.handle.net/1903.1/1532
MdU.ead.histms.0003.xml,http://hdl.handle.net/1903.1/1737
MdU.ead.litms.0090.xml,http://hdl.handle.net/1903.1/8667
MdU.ead.histms.0001.xml,http://hdl.handle.net/1903.1/1207
MdU.ead.histms.0005.xml,http://hdl.handle.net/1903.1/1739
MdU.ead.scpa.0168.xml,http://hdl.handle.net/1903.1/23545
MdU.ead.hbkspec.0035.xml,"http://hdl.handle.net/1903.1/23730,http://hdl.handle.net/1903.1/23731"
MdU.ead.scpa.0127.xml,http://hdl.handle.net/1903.1/19430
MdU.ead.scpa.0169.xml,http://hdl.handle.net/1903.1/23546
MdU.ead.univarch.0087.xml,http://hdl.handle.net/1903.1/1631
MdU.ead.univarch.0099.xml,http://hdl.handle.net/1903.1/7706
MdU.ead.univarch.0098.xml,http://hdl.handle.net/1903.1/7705
MdU.ead.univarch.0102.xml,http://hdl.handle.net/1903.1/7709
MdU.ead.univarch.0097.xml,http://hdl.handle.net/1903.1/7704
MdU.ead.univarch.0101.xml,http://hdl.handle.net/1903.1/7708
MdU.ead.univarch.0100.xml,http://hdl.handle.net/1903.1/7707
MdU.ead.univarch.0090.xml,http://hdl.handle.net/1903.1/3012
MdU.ead.ipam.0025.xml,http://hdl.handle.net/1903.1/24324
MdU.ead.ipam.0024.xml,http://hdl.handle.net/1903.1/24325
MdU.ead.ipam.0022.xml,http://hdl.handle.net/1903.1/24322
MdU.ead.ipam.0030.xml,http://hdl.handle.net/1903.1/24326
MdU.ead.scpa.0163.xml,http://hdl.handle.net/1903.1/23398
MdU.ead.scpa.0171.xml,http://hdl.handle.net/1903.1/24233
MdU.ead.ipam.0013.xml,http://hdl.handle.net/1903.1/24334
MdU.ead.scpa.0161.xml,http://hdl.handle.net/1903.1/23396
MdU.ead.scpa.0172.xml,http://hdl.handle.net/1903.1/24229
MdU.ead.scpa.0049.xml,http://hdl.handle.net/1903.1/3288
MdU.ead.scpa.0158.xml,http://hdl.handle.net/1903.1/21855
MdU.ead.univarch.0174.xml,http://hdl.handle.net/1903.1/24116
MdU.ead.univarch.0190.xml,http://hdl.handle.net/1903.1/24651
MdU.ead.univarch.0172.xml,http://hdl.handle.net/1903.1/24657
MdU.ead.univarch.0186.xml,http://hdl.handle.net/1903.1/24069
MdU.ead.univarch.0173.xml,http://hdl.handle.net/1903.1/24124
MdU.ead.univarch.0175.xml,http://hdl.handle.net/1903.1/24117
MdU.ead.scpa.0133.xml,http://hdl.handle.net/1903.1/19479
MdU.ead.scpa.0185.xml,http://hdl.handle.net/1903.1/25011
MdU.ead.scpa.0183.xml,http://hdl.handle.net/1903.1/25009
MdU.ead.scpa.0191.xml,http://hdl.handle.net/1903.1/25604
MdU.ead.histms.0011.xml,http://hdl.handle.net/1903.1/1745
MdU.ead.scpa.0173.xml,http://hdl.handle.net/1903.1/24549
MdU.ead.scpa.0090.xml,http://hdl.handle.net/1903.1/13712
MdU.ead.scpa.0186.xml,http://hdl.handle.net/1903.1/25012
MdU.ead.scpa.0026.xml,"http://hdl.handle.net/1903.1/2988,http://hdl.handle.net/1903.1/2987"
MdU.ead.univarch.0162.xml,http://hdl.handle.net/1903.1/19021
MdU.ead.npba.0044.xml,http://hdl.handle.net/1903.1/1594
MdU.ead.histms.0077.xml,http://hdl.handle.net/1903.1/1231
MdU.ead.scpa.0039.xml,http://hdl.handle.net/1903.1/3001
MdU.ead.scpa.0157.xml,http://hdl.handle.net/1903.1/21854
MdU.ead.scpa.0085.xml,http://hdl.handle.net/1903.1/11983
MdU.ead.scpa.0100.xml,"http://hdl.handle.net/1903.1/19133,http://hdl.handle.net/1903.1/19132"
MdU.ead.scpa.0116.xml,http://hdl.handle.net/1903.1/19204
MdU.ead.histms.0006.xml,http://hdl.handle.net/1903.1/1740
MdU.ead.scpa.0099.xml,http://hdl.handle.net/1903.1/19184
MdU.ead.scpa.0058.xml,http://hdl.handle.net/1903.1/3972
MdU.ead.hbkspec.0083.xml,http://hdl.handle.net/1903.1/32340
MdU.ead.scpa.0068.xml,http://hdl.handle.net/1903.1/4593
MdU.ead.histms.0111.xml,http://hdl.handle.net/1903.1/1265
MdU.ead.scpa.0142.xml,http://hdl.handle.net/1903.1/19493
MdU.ead.histms.0153.xml,http://hdl.handle.net/1903.1/1307
MdU.ead.scpa.0160.xml,http://hdl.handle.net/1903.1/23341
MdU.ead.scpa.0216.xml,http://hdl.handle.net/1903.1/33484
MdU.ead.scpa.0071.xml,http://hdl.handle.net/1903.1/4602
MdU.ead.scpa.0087.xml,http://hdl.handle.net/1903.1/12673
MdU.ead.scpa.0204.xml,http://hdl.handle.net/1903.1/31210
MdU.ead.scpa.0149.xml,http://hdl.handle.net/1903.1/21141
MdU.ead.scpa.0046.xml,http://hdl.handle.net/1903.1/3023
MdU.ead.scpa.0203.xml,http://hdl.handle.net/1903.1/31155
MdU.ead.scpa.0138.xml,http://hdl.handle.net/1903.1/19489
MdU.ead.scpa.0188.xml,http://hdl.handle.net/1903.1/25013
MdU.ead.npba.0040.xml,http://hdl.handle.net/1903.1/1589
MdU.ead.npba.0061.xml,http://hdl.handle.net/1903.1/1611
MdU.ead.npba.0063.xml,http://hdl.handle.net/1903.1/1613
MdU.ead.npba.0065.xml,http://hdl.handle.net/1903.1/1615
MdU.ead.npba.0062.xml,http://hdl.handle.net/1903.1/1612
MdU.ead.npba.0069.xml,http://hdl.handle.net/1903.1/1619
MdU.ead.npba.0068.xml,http://hdl.handle.net/1903.1/1618
MdU.ead.npba.0064.xml,http://hdl.handle.net/1903.1/1614
MdU.ead.npba.0066.xml,http://hdl.handle.net/1903.1/1616
MdU.ead.npba.0067.xml,http://hdl.handle.net/1903.1/1617
MdU.ead.histms.0004.xml,http://hdl.handle.net/1903.1/1738
MdU.ead.histms.0357.xml,http://hdl.handle.net/1903.1/15843
MdU.ead.histms.0067.xml,http://hdl.handle.net/1903.1/1704
MdU.ead.ipam0017.xml,http://hdl.handle.net/1903.1/20205
MdU.ead.ipam0018.xml,http://hdl.handle.net/1903.1/20279
MdU.ead.ipam0023.xml,http://hdl.handle.net/1903.1/20549
MdU.ead.ipam0019.xml,http://hdl.handle.net/1903.1/20281
MdU.ead.ipam0021.xml,http://hdl.handle.net/1903.1/20415
MdU.ead.histms.0299.xml,http://hdl.handle.net/1903.1/8770
MdU.ead.hbkspec.0025.xml,http://hdl.handle.net/1903.1/21271
MdU.ead.npba.0047.xml,http://hdl.handle.net/1903.1/1597
MdU.ead.npba.0103.xml,http://hdl.handle.net/1903.1/21268
MdU.ead.scpa.0103.xml,http://hdl.handle.net/1903.1/19135
MdU.ead.hbkspec.0028.xml,http://hdl.handle.net/1903.1/21273
MdU.ead.scpa.0146.xml,"http://hdl.handle.net/1903.1/19638,http://hdl.handle.net/1903.1/19637"
MdU.ead.npba.0046.xml,http://hdl.handle.net/1903.1/1596
MdU.ead.lab.0050.xml,http://hdl.handle.net/1903.1/21274
MdU.ead.lab.0039.xml,http://hdl.handle.net/1903.1/21270
MdU.ead.scpa.0102.xml,http://hdl.handle.net/1903.1/19134
MdU.ead.scpa.0117.xml,http://hdl.handle.net/1903.1/19198
MdU.ead.scpa.0128.xml,http://hdl.handle.net/1903.1/19431
MdU.ead.scpa.0112.xml,http://hdl.handle.net/1903.1/19200
MdU.ead.scpa.0115.xml,http://hdl.handle.net/1903.1/19213
MdU.ead.scpa.0119.xml,http://hdl.handle.net/1903.1/19226
MdU.ead.scpa.0114.xml,http://hdl.handle.net/1903.1/19201
MdU.ead.scpa.0110.xml,http://hdl.handle.net/1903.1/19212
MdU.ead.scpa.0111.xml,http://hdl.handle.net/1903.1/19199
MdU.ead.histms.0070.xml,http://hdl.handle.net/1903.1/1224
MdU.ead.histms.0144.xml,http://hdl.handle.net/1903.1/1298
MdU.ead.histms.0136.xml,http://hdl.handle.net/1903.1/1290
MdU.ead.histms.0161.xml,http://hdl.handle.net/1903.1/1315
MdU.ead.histms.0082.xml,http://hdl.handle.net/1903.1/1236
MdU.ead.histms.0159.xml,http://hdl.handle.net/1903.1/1313
MdU.ead.histms.0094.xml,http://hdl.handle.net/1903.1/1248
MdU.ead.histms.0121.xml,http://hdl.handle.net/1903.1/1275
MdU.ead.histms.0120.xml,http://hdl.handle.net/1903.1/1274
MdU.ead.univarch.0113.xml,http://hdl.handle.net/1903.1/7720
MdU.ead.univarch.0118.xml,http://hdl.handle.net/1903.1/8873
MdU.ead.univarch.0103.xml,http://hdl.handle.net/1903.1/7710
MdU.ead.univarch.0105.xml,http://hdl.handle.net/1903.1/7712
MdU.ead.univarch.0110.xml,http://hdl.handle.net/1903.1/7717
MdU.ead.univarch.0104.xml,http://hdl.handle.net/1903.1/7711
MdU.ead.univarch.0112.xml,http://hdl.handle.net/1903.1/7719
MdU.ead.univarch.0108.xml,http://hdl.handle.net/1903.1/7715
MdU.ead.litms.0021.xml,http://hdl.handle.net/1903.1/1512
MdU.ead.litms.0063.xml,http://hdl.handle.net/1903.1/3010
MdU.ead.histms.0362.xml,http://hdl.handle.net/1903.1/20783
MdU.ead.univarch.0096.xml,http://hdl.handle.net/1903.1/7703
MdU.ead.worldsfair.0001.xml,http://hdl.handle.net/1903.1/1632
MdU.ead.scpa.0174.xml,http://hdl.handle.net/1903.1/24550
MdU.ead.scpa.0129.xml,http://hdl.handle.net/1903.1/19432
MdU.ead.scpa.0005.xml,http://hdl.handle.net/1903.1/1213
MdU.ead.scpa.0101.xml,http://hdl.handle.net/1903.1/19148
MdU.ead.univarch.0014.xml,http://hdl.handle.net/1903.1/1423
MdU.ead.hbkspec.0077.xml,http://hdl.handle.net/1903.1/24992
MdU.ead.hbkspec.0037.xml,http://hdl.handle.net/1903.1/24675
MdU.ead.hbkspec.0049.xml,http://hdl.handle.net/1903.1/24993
MdU.ead.hbkspec.0078.xml,http://hdl.handle.net/1903.1/24991
MdU.ead.hbkspec.0050.xml,http://hdl.handle.net/1903.1/24996
MdU.ead.hbkspec.0047.xml,http://hdl.handle.net/1903.1/24995
MdU.ead.hbkspec.0048.xml,http://hdl.handle.net/1903.1/24994
MdU.ead.hbkspec.0059.xml,http://hdl.handle.net/1903.1/24997
MdU.ead.scpa.0047.xml,http://hdl.handle.net/1903.1/3289
MdU.ead.scpa.0135.xml,http://hdl.handle.net/1903.1/19481
MdU.ead.scpa.0095.xml,http://hdl.handle.net/1903.1/15028
MdU.ead.scpa.0147.xml,http://hdl.handle.net/1903.1/20845
MdU.ead.scpa.0202.xml,http://hdl.handle.net/1903.1/30907
MdU.ead.npba.0009.xml,http://hdl.handle.net/1903.1/4604
MdU.ead.scpa.0091.xml,http://hdl.handle.net/1903.1/13899
MdU.ead.scpa.0145.xml,http://hdl.handle.net/1903.1/19556
MdU.ead.scpa.0205.xml,http://hdl.handle.net/1903.1/31209
MdU.ead.scpa.0170.xml,http://hdl.handle.net/1903.1/24230
MdU.ead.scpa.0131.xml,http://hdl.handle.net/1903.1/19477
MdU.ead.scpa.0036.xml,http://hdl.handle.net/1903.1/2998
MdU.ead.scpa.0038.xml,http://hdl.handle.net/1903.1/3000
MdU.ead.scpa.0003.xml,http://hdl.handle.net/1903.1/1211
MdU.ead.scpa.0018.xml,http://hdl.handle.net/1903.1/1758
MdU.ead.scpa.0009.xml,http://hdl.handle.net/1903.1/1217
MdU.ead.scpa.0190.xml,http://hdl.handle.net/1903.1/25015
MdU.ead.scpa.0176.xml,http://hdl.handle.net/1903.1/25017
MdU.ead.hbkspec.0084.xml,"http://hdl.handle.net/1903.1/32937,http://hdl.handle.net/1903.1/32938"
MdU.ead.scpa.0024.xml,http://hdl.handle.net/1903.1/1771
MdU.ead.scpa.0054.xml,http://hdl.handle.net/1903.1/3967
MdU.ead.scpa.0209.xml,http://hdl.handle.net/1903.1/32428
MdU.ead.scpa.0213.xml,http://hdl.handle.net/1903.1/32958
MdU.ead.scpa.0212.xml,http://hdl.handle.net/1903.1/32947
MdU.ead.hbkspec.0087.xml,http://hdl.handle.net/1903.1/32974
MdU.ead.scpa.0155.xml,http://hdl.handle.net/1903.1/21206
