identifier,handlehttp,pid
MdU.ead.scpa.0042.xml,http://hdl.handle.net/1903.1/3004,umd:10515
MdU.ead.histms.0071.xml,http://hdl.handle.net/1903.1/1225,umd:2295
MdU.ead.histms.0075.xml,http://hdl.handle.net/1903.1/1229,umd:2303
MdU.ead.histms.0076.xml,http://hdl.handle.net/1903.1/1230,umd:2305
MdU.ead.histms.0073.xml,http://hdl.handle.net/1903.1/1227,umd:2299
MdU.ead.histms.0072.xml,http://hdl.handle.net/1903.1/1226,umd:2297
MdU.ead.histms.0083.xml,http://hdl.handle.net/1903.1/1237,umd:2319
MdU.ead.histms.0068.xml,http://hdl.handle.net/1903.1/1222,umd:2289
MdU.ead.histms.0074.xml,http://hdl.handle.net/1903.1/1228,umd:2301
MdU.ead.histms.0081.xml,http://hdl.handle.net/1903.1/1235,umd:2315
MdU.ead.histms.0078.xml,http://hdl.handle.net/1903.1/1232,umd:2309
MdU.ead.histms.0102.xml,http://hdl.handle.net/1903.1/1256,umd:2357
MdU.ead.histms.0091.xml,http://hdl.handle.net/1903.1/1245,umd:2335
MdU.ead.histms.0084.xml,http://hdl.handle.net/1903.1/1238,umd:2321
MdU.ead.histms.0087.xml,http://hdl.handle.net/1903.1/1241,umd:2327
MdU.ead.histms.0085.xml,http://hdl.handle.net/1903.1/1239,umd:2323
MdU.ead.histms.0089.xml,http://hdl.handle.net/1903.1/1243,umd:2331
MdU.ead.histms.0086.xml,http://hdl.handle.net/1903.1/1240,umd:2325
MdU.ead.histms.0113.xml,http://hdl.handle.net/1903.1/1267,umd:2379
MdU.ead.histms.0096.xml,http://hdl.handle.net/1903.1/1250,umd:2345
MdU.ead.histms.0100.xml,http://hdl.handle.net/1903.1/1254,umd:2353
MdU.ead.histms.0099.xml,http://hdl.handle.net/1903.1/1253,umd:2351
MdU.ead.histms.0097.xml,http://hdl.handle.net/1903.1/1251,umd:2347
MdU.ead.histms.0095.xml,http://hdl.handle.net/1903.1/1249,umd:2343
MdU.ead.histms.0101.xml,http://hdl.handle.net/1903.1/1255,umd:2355
MdU.ead.histms.0090.xml,http://hdl.handle.net/1903.1/1244,umd:2333
MdU.ead.histms.0093.xml,http://hdl.handle.net/1903.1/1247,umd:2339
MdU.ead.histms.0107.xml,http://hdl.handle.net/1903.1/1261,umd:2367
MdU.ead.histms.0109.xml,http://hdl.handle.net/1903.1/1263,umd:2371
MdU.ead.histms.0104.xml,http://hdl.handle.net/1903.1/1258,umd:2361
MdU.ead.histms.0114.xml,http://hdl.handle.net/1903.1/1268,umd:2381
MdU.ead.histms.0112.xml,http://hdl.handle.net/1903.1/1266,umd:2377
MdU.ead.histms.0103.xml,http://hdl.handle.net/1903.1/1257,umd:2359
MdU.ead.histms.0108.xml,http://hdl.handle.net/1903.1/1262,umd:2369
MdU.ead.histms.0110.xml,http://hdl.handle.net/1903.1/1264,umd:2373
MdU.ead.histms.0106.xml,http://hdl.handle.net/1903.1/1260,umd:2365
MdU.ead.histms.0116.xml,http://hdl.handle.net/1903.1/1270,umd:2385
MdU.ead.histms.0119.xml,http://hdl.handle.net/1903.1/1273,umd:2391
MdU.ead.histms.0123.xml,http://hdl.handle.net/1903.1/1277,umd:2399
MdU.ead.histms.0127.xml,http://hdl.handle.net/1903.1/1281,umd:2407
MdU.ead.histms.0122.xml,http://hdl.handle.net/1903.1/1276,umd:2397
MdU.ead.histms.0125.xml,http://hdl.handle.net/1903.1/1279,umd:2403
MdU.ead.histms.0115.xml,http://hdl.handle.net/1903.1/1269,umd:2383
MdU.ead.histms.0117.xml,http://hdl.handle.net/1903.1/1271,umd:2387
MdU.ead.histms.0128.xml,http://hdl.handle.net/1903.1/1282,umd:2409
MdU.ead.histms.0134.xml,http://hdl.handle.net/1903.1/1288,umd:2421
MdU.ead.histms.0137.xml,http://hdl.handle.net/1903.1/1291,umd:2427
MdU.ead.histms.0130.xml,http://hdl.handle.net/1903.1/1284,umd:2413
MdU.ead.histms.0141.xml,http://hdl.handle.net/1903.1/1295,umd:2435
MdU.ead.histms.0139.xml,http://hdl.handle.net/1903.1/1293,umd:2431
MdU.ead.histms.0132.xml,http://hdl.handle.net/1903.1/1286,umd:2417
MdU.ead.histms.0138.xml,http://hdl.handle.net/1903.1/1292,umd:2429
MdU.ead.histms.0131.xml,http://hdl.handle.net/1903.1/1285,umd:2415
MdU.ead.histms.0133.xml,http://hdl.handle.net/1903.1/1287,umd:2419
MdU.ead.histms.0149.xml,http://hdl.handle.net/1903.1/1303,umd:2451
MdU.ead.histms.0150.xml,http://hdl.handle.net/1903.1/1304,umd:2453
MdU.ead.histms.0155.xml,http://hdl.handle.net/1903.1/1309,umd:2463
MdU.ead.histms.0148.xml,http://hdl.handle.net/1903.1/1302,umd:2449
MdU.ead.histms.0140.xml,http://hdl.handle.net/1903.1/1294,umd:2433
MdU.ead.histms.0145.xml,http://hdl.handle.net/1903.1/1299,umd:2443
MdU.ead.histms.0154.xml,http://hdl.handle.net/1903.1/1308,umd:2461
MdU.ead.histms.0152.xml,http://hdl.handle.net/1903.1/1306,umd:2457
MdU.ead.histms.0146.xml,http://hdl.handle.net/1903.1/1300,umd:2445
MdU.ead.histms.0166.xml,http://hdl.handle.net/1903.1/1320,umd:2485
MdU.ead.histms.0142.xml,http://hdl.handle.net/1903.1/1296,umd:2437
MdU.ead.histms.0162.xml,http://hdl.handle.net/1903.1/1316,umd:2477
MdU.ead.histms.0179.xml,http://hdl.handle.net/1903.1/1333,umd:2511
MdU.ead.histms.0158.xml,http://hdl.handle.net/1903.1/1312,umd:2469
MdU.ead.histms.0151.xml,http://hdl.handle.net/1903.1/1305,umd:2455
MdU.ead.histms.0165.xml,http://hdl.handle.net/1903.1/1319,umd:2483
MdU.ead.histms.0143.xml,http://hdl.handle.net/1903.1/1297,umd:2439
MdU.ead.histms.0157.xml,http://hdl.handle.net/1903.1/1311,umd:2467
MdU.ead.histms.0168.xml,http://hdl.handle.net/1903.1/1322,umd:2489
MdU.ead.histms.0169.xml,http://hdl.handle.net/1903.1/1323,umd:2491
MdU.ead.histms.0178.xml,http://hdl.handle.net/1903.1/1332,umd:2509
MdU.ead.histms.0175.xml,http://hdl.handle.net/1903.1/1329,umd:2503
MdU.ead.histms.0181.xml,http://hdl.handle.net/1903.1/1335,umd:2515
MdU.ead.histms.0192.xml,http://hdl.handle.net/1903.1/1346,umd:2537
MdU.ead.histms.0172.xml,http://hdl.handle.net/1903.1/1326,umd:2497
MdU.ead.histms.0173.xml,http://hdl.handle.net/1903.1/1327,umd:2499
MdU.ead.histms.0170.xml,http://hdl.handle.net/1903.1/1324,umd:2493
MdU.ead.histms.0190.xml,http://hdl.handle.net/1903.1/1344,umd:2533
MdU.ead.histms.0183.xml,http://hdl.handle.net/1903.1/1337,umd:2519
MdU.ead.histms.0189.xml,http://hdl.handle.net/1903.1/1343,umd:2531
MdU.ead.histms.0184.xml,http://hdl.handle.net/1903.1/1338,umd:2521
MdU.ead.histms.0198.xml,http://hdl.handle.net/1903.1/1352,umd:2549
MdU.ead.histms.0182.xml,http://hdl.handle.net/1903.1/1336,umd:2517
MdU.ead.histms.0204.xml,http://hdl.handle.net/1903.1/1358,umd:2561
MdU.ead.histms.0199.xml,http://hdl.handle.net/1903.1/1353,umd:2551
MdU.ead.histms.0205.xml,http://hdl.handle.net/1903.1/1359,umd:2563
MdU.ead.histms.0197.xml,http://hdl.handle.net/1903.1/1351,umd:2547
MdU.ead.histms.0214.xml,http://hdl.handle.net/1903.1/1368,umd:2581
MdU.ead.histms.0218.xml,http://hdl.handle.net/1903.1/1372,umd:2589
MdU.ead.histms.0221.xml,http://hdl.handle.net/1903.1/1375,umd:2595
MdU.ead.histms.0196.xml,http://hdl.handle.net/1903.1/1350,umd:2545
MdU.ead.histms.0211.xml,http://hdl.handle.net/1903.1/1365,umd:2575
MdU.ead.histms.0216.xml,http://hdl.handle.net/1903.1/1370,umd:2585
MdU.ead.histms.0217.xml,http://hdl.handle.net/1903.1/1371,umd:2587
MdU.ead.histms.0201.xml,http://hdl.handle.net/1903.1/1355,umd:2555
MdU.ead.histms.0232.xml,http://hdl.handle.net/1903.1/1386,umd:2617
MdU.ead.histms.0213.xml,http://hdl.handle.net/1903.1/1367,umd:2579
MdU.ead.histms.0229.xml,http://hdl.handle.net/1903.1/1383,umd:2611
MdU.ead.histms.0235.xml,http://hdl.handle.net/1903.1/1389,umd:2623
MdU.ead.histms.0233.xml,http://hdl.handle.net/1903.1/1387,umd:2619
MdU.ead.histms.0224.xml,http://hdl.handle.net/1903.1/1378,umd:2601
MdU.ead.histms.0219.xml,http://hdl.handle.net/1903.1/1373,umd:2591
MdU.ead.histms.0231.xml,http://hdl.handle.net/1903.1/1385,umd:2615
MdU.ead.histms.0222.xml,http://hdl.handle.net/1903.1/1376,umd:2597
MdU.ead.histms.0223.xml,http://hdl.handle.net/1903.1/1377,umd:2599
MdU.ead.histms.0234.xml,http://hdl.handle.net/1903.1/1388,umd:2621
MdU.ead.histms.0241.xml,http://hdl.handle.net/1903.1/1395,umd:2635
MdU.ead.histms.0227.xml,http://hdl.handle.net/1903.1/1381,umd:2607
MdU.ead.histms.0242.xml,http://hdl.handle.net/1903.1/1396,umd:2637
MdU.ead.histms.0236.xml,http://hdl.handle.net/1903.1/1390,umd:2625
MdU.ead.histms.0244.xml,http://hdl.handle.net/1903.1/1398,umd:2641
MdU.ead.histms.0240.xml,http://hdl.handle.net/1903.1/1394,umd:2633
MdU.ead.histms.0228.xml,http://hdl.handle.net/1903.1/1382,umd:2609
MdU.ead.histms.0254.xml,http://hdl.handle.net/1903.1/1408,umd:2661
MdU.ead.histms.0260.xml,http://hdl.handle.net/1903.1/1414,umd:2673
MdU.ead.histms.0250.xml,http://hdl.handle.net/1903.1/1404,umd:2653
MdU.ead.histms.0252.xml,http://hdl.handle.net/1903.1/1406,umd:2657
MdU.ead.histms.0251.xml,http://hdl.handle.net/1903.1/1405,umd:2655
MdU.ead.histms.0246.xml,http://hdl.handle.net/1903.1/1400,umd:2645
MdU.ead.univarch.0006.xml,http://hdl.handle.net/1903.1/1415,umd:2675
MdU.ead.histms.0238.xml,http://hdl.handle.net/1903.1/1392,umd:2629
MdU.ead.histms.0255.xml,http://hdl.handle.net/1903.1/1409,umd:2663
MdU.ead.histms.0258.xml,http://hdl.handle.net/1903.1/1412,umd:2669
MdU.ead.univarch.0011.xml,http://hdl.handle.net/1903.1/1420,umd:2685
MdU.ead.univarch.0009.xml,http://hdl.handle.net/1903.1/1418,umd:2681
MdU.ead.histms.0261.xml,http://hdl.handle.net/1903.1/1427,umd:2699
MdU.ead.univarch.0012.xml,http://hdl.handle.net/1903.1/1421,umd:2687
MdU.ead.histms.0256.xml,http://hdl.handle.net/1903.1/1410,umd:2665
MdU.ead.univarch.0013.xml,http://hdl.handle.net/1903.1/1422,umd:2689
MdU.ead.univarch.0010.xml,http://hdl.handle.net/1903.1/1419,umd:2683
MdU.ead.histms.0257.xml,http://hdl.handle.net/1903.1/1411,umd:2667
MdU.ead.univarch.0008.xml,http://hdl.handle.net/1903.1/1417,umd:2679
MdU.ead.histms.0262.xml,http://hdl.handle.net/1903.1/1428,umd:2701
MdU.ead.univarch.0015.xml,http://hdl.handle.net/1903.1/1424,umd:2693
MdU.ead.univarch.0017.xml,http://hdl.handle.net/1903.1/1426,umd:2697
MdU.ead.histms.0263.xml,http://hdl.handle.net/1903.1/1429,umd:2703
MdU.ead.histms.0264.xml,http://hdl.handle.net/1903.1/1430,umd:2705
MdU.ead.histms.0270.xml,http://hdl.handle.net/1903.1/1436,umd:2717
MdU.ead.univarch.0016.xml,http://hdl.handle.net/1903.1/1425,umd:2695
MdU.ead.histms.0268.xml,http://hdl.handle.net/1903.1/1434,umd:2713
MdU.ead.histms.0266.xml,http://hdl.handle.net/1903.1/1432,umd:2709
MdU.ead.histms.0277.xml,http://hdl.handle.net/1903.1/1443,umd:2731
MdU.ead.histms.0289.xml,http://hdl.handle.net/1903.1/1455,umd:2755
MdU.ead.histms.0280.xml,http://hdl.handle.net/1903.1/1446,umd:2737
MdU.ead.histms.0281.xml,http://hdl.handle.net/1903.1/1447,umd:2739
MdU.ead.histms.0287.xml,http://hdl.handle.net/1903.1/1453,umd:2751
MdU.ead.histms.0276.xml,http://hdl.handle.net/1903.1/1442,umd:2729
MdU.ead.histms.0275.xml,http://hdl.handle.net/1903.1/1441,umd:2727
MdU.ead.histms.0279.xml,http://hdl.handle.net/1903.1/1445,umd:2735
MdU.ead.histms.0286.xml,http://hdl.handle.net/1903.1/1452,umd:2749
MdU.ead.histms.0303.xml,http://hdl.handle.net/1903.1/1465,umd:2775
MdU.ead.histms.0301.xml,http://hdl.handle.net/1903.1/1463,umd:2771
MdU.ead.histms.0285.xml,http://hdl.handle.net/1903.1/1451,umd:2747
MdU.ead.histms.0302.xml,http://hdl.handle.net/1903.1/1464,umd:2773
MdU.ead.histms.0305.xml,http://hdl.handle.net/1903.1/1467,umd:2779
MdU.ead.histms.0291.xml,http://hdl.handle.net/1903.1/1457,umd:2759
MdU.ead.histms.0283.xml,http://hdl.handle.net/1903.1/1449,umd:2743
MdU.ead.histms.0284.xml,http://hdl.handle.net/1903.1/1450,umd:2745
MdU.ead.histms.0295.xml,http://hdl.handle.net/1903.1/1459,umd:2763
MdU.ead.histms.0319.xml,http://hdl.handle.net/1903.1/1479,umd:2803
MdU.ead.histms.0300.xml,http://hdl.handle.net/1903.1/1462,umd:2769
MdU.ead.histms.0320.xml,http://hdl.handle.net/1903.1/1480,umd:2805
MdU.ead.histms.0298.xml,http://hdl.handle.net/1903.1/1461,umd:2767
MdU.ead.histms.0297.xml,http://hdl.handle.net/1903.1/1460,umd:2765
MdU.ead.histms.0304.xml,http://hdl.handle.net/1903.1/1466,umd:2777
MdU.ead.histms.0321.xml,http://hdl.handle.net/1903.1/1481,umd:2807
MdU.ead.histms.0308.xml,http://hdl.handle.net/1903.1/1470,umd:2785
MdU.ead.histms.0311.xml,http://hdl.handle.net/1903.1/1472,umd:2789
MdU.ead.histms.0316.xml,http://hdl.handle.net/1903.1/1476,umd:2797
MdU.ead.histms.0318.xml,http://hdl.handle.net/1903.1/1478,umd:2801
MdU.ead.histms.0317.xml,http://hdl.handle.net/1903.1/1477,umd:2799
MdU.ead.histms.0310.xml,http://hdl.handle.net/1903.1/1471,umd:2787
MdU.ead.histms.0315.xml,http://hdl.handle.net/1903.1/1475,umd:2795
MdU.ead.histms.0307.xml,http://hdl.handle.net/1903.1/1469,umd:2783
MdU.ead.histms.0314.xml,http://hdl.handle.net/1903.1/1474,umd:2793
MdU.ead.litms.0002.xml,http://hdl.handle.net/1903.1/1494,umd:2833
MdU.ead.litms.0001.xml,http://hdl.handle.net/1903.1/1493,umd:2831
MdU.ead.histms.0322.xml,http://hdl.handle.net/1903.1/1482,umd:2809
MdU.ead.univarch.0080.xml,http://hdl.handle.net/1903.1/1626,umd:3097
MdU.ead.univarch.0084.xml,http://hdl.handle.net/1903.1/1630,umd:3105
MdU.ead.univarch.0081.xml,http://hdl.handle.net/1903.1/1627,umd:3099
MdU.ead.univarch.0077.xml,http://hdl.handle.net/1903.1/1623,umd:3091
MdU.ead.univarch.0076.xml,http://hdl.handle.net/1903.1/1622,umd:3089
MdU.ead.univarch.0075.xml,http://hdl.handle.net/1903.1/1621,umd:3087
MdU.ead.univarch.0063.xml,http://hdl.handle.net/1903.1/1635,umd:3115
MdU.ead.univarch.0083.xml,http://hdl.handle.net/1903.1/1629,umd:3103
MdU.ead.univarch.0072.xml,http://hdl.handle.net/1903.1/1644,umd:3133
MdU.ead.univarch.0064.xml,http://hdl.handle.net/1903.1/1636,umd:3117
MdU.ead.univarch.0082.xml,http://hdl.handle.net/1903.1/1628,umd:3101
MdU.ead.univarch.0079.xml,http://hdl.handle.net/1903.1/1625,umd:3095
MdU.ead.univarch.0078.xml,http://hdl.handle.net/1903.1/1624,umd:3093
MdU.ead.univarch.0071.xml,http://hdl.handle.net/1903.1/1643,umd:3131
MdU.ead.univarch.0065.xml,http://hdl.handle.net/1903.1/1637,umd:3119
MdU.ead.univarch.0062.xml,http://hdl.handle.net/1903.1/1634,umd:3113
MdU.ead.univarch.0047.xml,http://hdl.handle.net/1903.1/1647,umd:3139
MdU.ead.univarch.0048.xml,http://hdl.handle.net/1903.1/1648,umd:3141
MdU.ead.univarch.0061.xml,http://hdl.handle.net/1903.1/1633,umd:3111
MdU.ead.univarch.0053.xml,http://hdl.handle.net/1903.1/1653,umd:3151
MdU.ead.univarch.0057.xml,http://hdl.handle.net/1903.1/1657,umd:3159
MdU.ead.univarch.0055.xml,http://hdl.handle.net/1903.1/1655,umd:3155
MdU.ead.univarch.0066.xml,http://hdl.handle.net/1903.1/1638,umd:3121
MdU.ead.univarch.0074.xml,http://hdl.handle.net/1903.1/1646,umd:3137
MdU.ead.univarch.0051.xml,http://hdl.handle.net/1903.1/1651,umd:3147
MdU.ead.univarch.0052.xml,http://hdl.handle.net/1903.1/1652,umd:3149
MdU.ead.univarch.0035.xml,http://hdl.handle.net/1903.1/1664,umd:3173
MdU.ead.univarch.0038.xml,http://hdl.handle.net/1903.1/1667,umd:3179
MdU.ead.univarch.0032.xml,http://hdl.handle.net/1903.1/1661,umd:3167
MdU.ead.univarch.0042.xml,http://hdl.handle.net/1903.1/1671,umd:3187
MdU.ead.univarch.0034.xml,http://hdl.handle.net/1903.1/1663,umd:3171
MdU.ead.univarch.0033.xml,http://hdl.handle.net/1903.1/1662,umd:3169
MdU.ead.univarch.0041.xml,http://hdl.handle.net/1903.1/1670,umd:3185
MdU.ead.univarch.0026.xml,http://hdl.handle.net/1903.1/1683,umd:3211
MdU.ead.univarch.0019.xml,http://hdl.handle.net/1903.1/1676,umd:3197
MdU.ead.univarch.0024.xml,http://hdl.handle.net/1903.1/1681,umd:3207
MdU.ead.univarch.0025.xml,http://hdl.handle.net/1903.1/1682,umd:3209
MdU.ead.univarch.0027.xml,http://hdl.handle.net/1903.1/1684,umd:3213
MdU.ead.univarch.0020.xml,http://hdl.handle.net/1903.1/1677,umd:3199
MdU.ead.univarch.0059.xml,http://hdl.handle.net/1903.1/1659,umd:3163
MdU.ead.univarch.0023.xml,http://hdl.handle.net/1903.1/1680,umd:3205
MdU.ead.univarch.0045.xml,http://hdl.handle.net/1903.1/1673,umd:3191
MdU.ead.histms.0056.xml,http://hdl.handle.net/1903.1/1693,umd:3231
MdU.ead.histms.0059.xml,http://hdl.handle.net/1903.1/1696,umd:3237
MdU.ead.histms.0060.xml,http://hdl.handle.net/1903.1/1697,umd:3239
MdU.ead.univarch.0030.xml,http://hdl.handle.net/1903.1/1687,umd:3219
MdU.ead.univarch.0044.xml,http://hdl.handle.net/1903.1/1672,umd:3189
MdU.ead.univarch.0021.xml,http://hdl.handle.net/1903.1/1678,umd:3201
MdU.ead.univarch.0029.xml,http://hdl.handle.net/1903.1/1686,umd:3217
MdU.ead.univarch.0028.xml,http://hdl.handle.net/1903.1/1685,umd:3215
MdU.ead.histms.0058.xml,http://hdl.handle.net/1903.1/1695,umd:3235
MdU.ead.histms.0052.xml,http://hdl.handle.net/1903.1/1689,umd:3223
MdU.ead.histms.0055.xml,http://hdl.handle.net/1903.1/1692,umd:3229
MdU.ead.histms.0054.xml,http://hdl.handle.net/1903.1/1691,umd:3227
MdU.ead.histms.0061.xml,http://hdl.handle.net/1903.1/1698,umd:3241
MdU.ead.univarch.0031.xml,http://hdl.handle.net/1903.1/1688,umd:3221
MdU.ead.histms.0053.xml,http://hdl.handle.net/1903.1/1690,umd:3225
MdU.ead.histms.0036.xml,http://hdl.handle.net/1903.1/1705,umd:3255
MdU.ead.histms.0057.xml,http://hdl.handle.net/1903.1/1694,umd:3233
MdU.ead.histms.0037.xml,http://hdl.handle.net/1903.1/1706,umd:3257
MdU.ead.histms.0065.xml,http://hdl.handle.net/1903.1/1702,umd:3249
MdU.ead.histms.0038.xml,http://hdl.handle.net/1903.1/1707,umd:3259
MdU.ead.histms.0064.xml,http://hdl.handle.net/1903.1/1701,umd:3247
MdU.ead.histms.0062.xml,http://hdl.handle.net/1903.1/1699,umd:3243
MdU.ead.histms.0040.xml,http://hdl.handle.net/1903.1/1709,umd:3263
MdU.ead.histms.0066.xml,http://hdl.handle.net/1903.1/1703,umd:3251
MdU.ead.histms.0063.xml,http://hdl.handle.net/1903.1/1700,umd:3245
MdU.ead.histms.0042.xml,http://hdl.handle.net/1903.1/1711,umd:3267
MdU.ead.histms.0022.xml,http://hdl.handle.net/1903.1/1724,umd:3293
MdU.ead.histms.0020.xml,http://hdl.handle.net/1903.1/1722,umd:3289
MdU.ead.histms.0045.xml,http://hdl.handle.net/1903.1/1714,umd:3273
MdU.ead.histms.0019.xml,http://hdl.handle.net/1903.1/1721,umd:3287
MdU.ead.histms.0044.xml,http://hdl.handle.net/1903.1/1713,umd:3271
MdU.ead.histms.0048.xml,http://hdl.handle.net/1903.1/1717,umd:3279
MdU.ead.histms.0023.xml,http://hdl.handle.net/1903.1/1725,umd:3295
MdU.ead.histms.0051.xml,http://hdl.handle.net/1903.1/1720,umd:3285
MdU.ead.histms.0046.xml,http://hdl.handle.net/1903.1/1715,umd:3275
MdU.ead.histms.0026.xml,http://hdl.handle.net/1903.1/1728,umd:3301
MdU.ead.histms.0031.xml,http://hdl.handle.net/1903.1/1733,umd:3311
MdU.ead.histms.0014.xml,http://hdl.handle.net/1903.1/1748,umd:3341
MdU.ead.histms.0049.xml,http://hdl.handle.net/1903.1/1718,umd:3281
MdU.ead.histms.0027.xml,http://hdl.handle.net/1903.1/1729,umd:3303
MdU.ead.histms.0050.xml,http://hdl.handle.net/1903.1/1719,umd:3283
MdU.ead.histms.0029.xml,http://hdl.handle.net/1903.1/1731,umd:3307
MdU.ead.histms.0035.xml,http://hdl.handle.net/1903.1/1736,umd:3317
MdU.ead.histms.0033.xml,http://hdl.handle.net/1903.1/1735,umd:3315
MdU.ead.histms.0013.xml,http://hdl.handle.net/1903.1/1747,umd:3339
MdU.ead.histms.0008.xml,http://hdl.handle.net/1903.1/1742,umd:3329
MdU.ead.histms.0002.xml,http://hdl.handle.net/1903.1/1753,umd:3351
MdU.ead.histms.0010.xml,http://hdl.handle.net/1903.1/1744,umd:3333
MdU.ead.histms.0012.xml,http://hdl.handle.net/1903.1/1746,umd:3337
MdU.ead.histms.0015.xml,http://hdl.handle.net/1903.1/1749,umd:3343
MdU.ead.univarch.0001.xml,http://hdl.handle.net/1903.1/1761,umd:3367
MdU.ead.univarch.0003.xml,http://hdl.handle.net/1903.1/1763,umd:3371
MdU.ead.histms.0018.xml,http://hdl.handle.net/1903.1/1752,umd:3349
MdU.ead.univarch.0005.xml,http://hdl.handle.net/1903.1/1765,umd:3375
MdU.ead.univarch.0089.xml,http://hdl.handle.net/1903.1/3011,umd:10529
MdU.ead.univarch.0091.xml,http://hdl.handle.net/1903.1/3013,umd:10533
MdU.ead.scpa.0044.xml,http://hdl.handle.net/1903.1/3006,umd:10519
MdU.ead.histms.0328.xml,http://hdl.handle.net/1903.1/3292,umd:11557
MdU.ead.histms.0326.xml,http://hdl.handle.net/1903.1/3293,umd:11559
MdU.ead.univarch.0092.xml,http://hdl.handle.net/1903.1/3014,umd:10535
MdU.ead.univarch.0093.xml,http://hdl.handle.net/1903.1/3021,umd:10540
MdU.ead.univarch.0004.xml,http://hdl.handle.net/1903.1/1764,umd:3373
MdU.ead.histms.0336.xml,http://hdl.handle.net/1903.1/4274,umd:19530
MdU.ead.histms.0331.xml,http://hdl.handle.net/1903.1/3407,umd:12482
MdU.ead.npba.0088.xml,http://hdl.handle.net/1903.1/4582,umd:22331
MdU.ead.histms.0327.xml,http://hdl.handle.net/1903.1/4579,umd:22325
MdU.ead.histms.0330.xml,http://hdl.handle.net/1903.1/3291,umd:11555
MdU.ead.histms.0333.xml,http://hdl.handle.net/1903.1/4580,umd:22327
MdU.ead.histms.0329.xml,http://hdl.handle.net/1903.1/3290,umd:11553
MdU.ead.histms.0334.xml,http://hdl.handle.net/1903.1/3965,umd:16728
MdU.ead.histms.0338.xml,http://hdl.handle.net/1903.1/4275,umd:19532
MdU.ead.histms.0294.xml,http://hdl.handle.net/1903.1/7568,umd:63813
MdU.ead.mdia.0001.xml,http://hdl.handle.net/1903.1/4591,umd:22349
MdU.ead.lab.0022.xml,http://hdl.handle.net/1903.1/4588,umd:22343
MdU.ead.lab.0021.xml,http://hdl.handle.net/1903.1/4921,umd:50465
MdU.ead.lab.0028.xml,http://hdl.handle.net/1903.1/4923,umd:50469
MdU.ead.lab.0026.xml,http://hdl.handle.net/1903.1/4922,umd:50467
MdU.ead.histms.0332.xml,http://hdl.handle.net/1903.1/7419,umd:63203
MdU.ead.lab.0029.xml,http://hdl.handle.net/1903.1/4924,umd:50471
MdU.ead.histms.0340.xml,http://hdl.handle.net/1903.1/4942,umd:50575
MdU.ead.univarch.0127.xml,http://hdl.handle.net/1903.1/8881,umd:68663
MdU.ead.univarch.0116.xml,http://hdl.handle.net/1903.1/8871,umd:68643
MdU.ead.npba.0092.xml,http://hdl.handle.net/1903.1/8281,umd:66591
MdU.ead.univarch.0109.xml,http://hdl.handle.net/1903.1/7716,umd:64425
MdU.ead.univarch.0107.xml,http://hdl.handle.net/1903.1/7714,umd:64421
MdU.ead.univarch.0117.xml,http://hdl.handle.net/1903.1/8872,umd:68645
MdU.ead.univarch.0106.xml,http://hdl.handle.net/1903.1/7713,umd:64419
MdU.ead.npba.0090.xml,http://hdl.handle.net/1903.1/8280,umd:66589
MdU.ead.univarch.0115.xml,http://hdl.handle.net/1903.1/7722,umd:64437
MdU.ead.histms.0353.xml,http://hdl.handle.net/1903.1/9059,umd:69178
MdU.ead.histms.0349.xml,http://hdl.handle.net/1903.1/9067,umd:69194
MdU.ead.univarch.0120.xml,http://hdl.handle.net/1903.1/8875,umd:68651
MdU.ead.histms.0344.xml,http://hdl.handle.net/1903.1/9064,umd:69188
MdU.ead.npba.0091.xml,http://hdl.handle.net/1903.1/8967,umd:68865
MdU.ead.histms.0352.xml,http://hdl.handle.net/1903.1/9058,umd:69176
MdU.ead.histms.0343.xml,http://hdl.handle.net/1903.1/9062,umd:69184
MdU.ead.histms.0345.xml,http://hdl.handle.net/1903.1/9063,umd:69186
MdU.ead.univarch.0121.xml,http://hdl.handle.net/1903.1/8876,umd:68653
MdU.ead.scpa.0043a.xml,http://hdl.handle.net/1903.1/9352,umd:70954
MdU.ead.univarch.0151.xml,http://hdl.handle.net/1903.1/10364,umd:75744
MdU.ead.histms.0350.xml,http://hdl.handle.net/1903.1/9068,umd:69196
MdU.ead.univarch.0095.xml,http://hdl.handle.net/1903.1/9351,umd:70871
MdU.ead.histms.0339.xml,http://hdl.handle.net/1903.1/9347,umd:70863
MdU.ead.npba.0093.xml,http://hdl.handle.net/1903.1/9314,umd:70700
MdU.ead.histms.0351.xml,http://hdl.handle.net/1903.1/9069,umd:69198
MdU.ead.univarch.0150.xml,http://hdl.handle.net/1903.1/10366,umd:75748
MdU.ead.univarch.0086.xml,http://hdl.handle.net/1903.1/9349,umd:70867
MdU.ead.lab.0034.xml,http://hdl.handle.net/1903.1/11074,umd:77588
MdU.ead.histms.0341.xml,http://hdl.handle.net/1903.1/11903,umd:80060
MdU.ead.rare.0001.xml,http://hdl.handle.net/1903.1/11241,umd:78026
MdU.ead.univarch.0149.xml,http://hdl.handle.net/1903.1/10900,umd:77091
MdU.ead.rare.0002.xml,http://hdl.handle.net/1903.1/11248,umd:78041
MdU.ead.univarch.0153.xml,http://hdl.handle.net/1903.1/11029,umd:77441
MdU.ead.univarch.0152.xml,http://hdl.handle.net/1903.1/10901,umd:77093
MdU.ead.univarch.0154.xml,http://hdl.handle.net/1903.1/10898,umd:77087
MdU.ead.npba.0095.xml,http://hdl.handle.net/1903.1/12512,umd:81939
MdU.ead.lab.0033.xml,http://hdl.handle.net/1903.1/12646,umd:82599
MdU.ead.npba.0100.xml,http://hdl.handle.net/1903.1/12687,umd:82828
MdU.ead.ntl.0005.xml,http://hdl.handle.net/1903.1/12546,umd:82133
MdU.ead.rare.0003.xml,http://hdl.handle.net/1903.1/13688,umd:88948
MdU.ead.mdia.0003.xml,http://hdl.handle.net/1903.1/13508,umd:87171
MdU.ead.rare.0006.xml,http://hdl.handle.net/1903.1/13955,umd:89696
MdU.ead.ntl.0003.xml,http://hdl.handle.net/1903.1/13395,umd:86412
MdU.ead.rare.0005.xml,http://hdl.handle.net/1903.1/13765,umd:89176
MdU.ead.histms.0359.xml,http://hdl.handle.net/1903.1/15311,umd:94294
MdU.ead.ntl.0006.xml,http://hdl.handle.net/1903.1/14845,umd:92471
MdU.ead.rare.0004.xml,http://hdl.handle.net/1903.1/14175,umd:91030
MdU.ead.rare.0007.xml,http://hdl.handle.net/1903.1/13957,umd:89704
MdU.ead.histms.0360.xml,http://hdl.handle.net/1903.1/15633,umd:96158
MdU.ead.univarch.0160.xml,http://hdl.handle.net/1903.1/15650,umd:96200
MdU.ead.lab.0036.xml,http://hdl.handle.net/1903.1/15189,umd:93823
MdU.ead.univarch.0159.xml,http://hdl.handle.net/1903.1/14868,umd:92526
MdU.ead.lab.0042.xml,http://hdl.handle.net/1903.1/15517,umd:95194
MdU.ead.histms.0267.xml,http://hdl.handle.net/1903.1/1433,umd:2711
MdU.ead.histms.0265.xml,http://hdl.handle.net/1903.1/1431,umd:2707
MdU.ead.histms.0309.xml,http://hdl.handle.net/1903.1/1770,umd:3385
MdU.ead.histms.0269.xml,http://hdl.handle.net/1903.1/1435,umd:2715
MdU.ead.histms.0273.xml,http://hdl.handle.net/1903.1/1439,umd:2723
MdU.ead.histms.0361.xml,http://hdl.handle.net/1903.1/15649,umd:96197
MdU.ead.histms.0288.xml,http://hdl.handle.net/1903.1/1454,umd:2753
MdU.ead.histms.0274.xml,http://hdl.handle.net/1903.1/1440,umd:2725
MdU.ead.rare.0008.xml,http://hdl.handle.net/1903.1/16068,umd:97747
MdU.ead.histms.0230.xml,http://hdl.handle.net/1903.1/1384,umd:2613
MdU.ead.histms.0220.xml,http://hdl.handle.net/1903.1/1374,umd:2593
MdU.ead.histms.0248.xml,http://hdl.handle.net/1903.1/1402,umd:2649
MdU.ead.histms.0225.xml,http://hdl.handle.net/1903.1/1379,umd:2603
MdU.ead.histms.0253.xml,http://hdl.handle.net/1903.1/1407,umd:2659
MdU.ead.histms.0245.xml,http://hdl.handle.net/1903.1/1399,umd:2643
MdU.ead.histms.0226.xml,http://hdl.handle.net/1903.1/1380,umd:2605
MdU.ead.histms.0194.xml,http://hdl.handle.net/1903.1/1348,umd:2541
MdU.ead.histms.0249.xml,http://hdl.handle.net/1903.1/1403,umd:2651
MdU.ead.histms.0105.xml,http://hdl.handle.net/1903.1/1259,umd:2363
MdU.ead.histms.0187.xml,http://hdl.handle.net/1903.1/1341,umd:2527
MdU.ead.histms.0185.xml,http://hdl.handle.net/1903.1/1339,umd:2523
MdU.ead.histms.0098.xml,http://hdl.handle.net/1903.1/1252,umd:2349
MdU.ead.histms.0188.xml,http://hdl.handle.net/1903.1/1342,umd:2529
MdU.ead.histms.0156.xml,http://hdl.handle.net/1903.1/1310,umd:2465
MdU.ead.histms.0160.xml,http://hdl.handle.net/1903.1/1314,umd:2473
MdU.ead.histms.0180.xml,http://hdl.handle.net/1903.1/1334,umd:2513
MdU.ead.histms.0126.xml,http://hdl.handle.net/1903.1/1280,umd:2405
MdU.ead.litms.0008.xml,http://hdl.handle.net/1903.1/1500,umd:2845
MdU.ead.histms.0092.xml,http://hdl.handle.net/1903.1/1246,umd:2337
MdU.ead.litms.0006.xml,http://hdl.handle.net/1903.1/1498,umd:2841
MdU.ead.univarch.0056.xml,http://hdl.handle.net/1903.1/1656,umd:3157
MdU.ead.litms.0007.xml,http://hdl.handle.net/1903.1/1499,umd:2843
MdU.ead.litms.0005.xml,http://hdl.handle.net/1903.1/1497,umd:2839
MdU.ead.histms.0079.xml,http://hdl.handle.net/1903.1/1233,umd:2311
MdU.ead.ntl.0004.xml,http://hdl.handle.net/1903.1/13396,umd:86414
MdU.ead.litms.0014.xml,http://hdl.handle.net/1903.1/1506,umd:2857
MdU.ead.litms.0003.xml,http://hdl.handle.net/1903.1/1495,umd:2835
MdU.ead.litms.0015.xml,http://hdl.handle.net/1903.1/1507,umd:2859
MdU.ead.histms.0313.xml,http://hdl.handle.net/1903.1/3022,umd:10542
MdU.ead.litms.0013.xml,http://hdl.handle.net/1903.1/1505,umd:2855
MdU.ead.litms.0011.xml,http://hdl.handle.net/1903.1/1503,umd:2851
MdU.ead.litms.0012.xml,http://hdl.handle.net/1903.1/1504,umd:2853
MdU.ead.litms.0009.xml,http://hdl.handle.net/1903.1/1501,umd:2847
MdU.ead.litms.0010.xml,http://hdl.handle.net/1903.1/1502,umd:2849
MdU.ead.litms.0019.xml,http://hdl.handle.net/1903.1/1510,umd:2865
MdU.ead.litms.0022.xml,http://hdl.handle.net/1903.1/1513,umd:2871
MdU.ead.litms.0004.xml,http://hdl.handle.net/1903.1/1496,umd:2837
MdU.ead.litms.0016.xml,http://hdl.handle.net/1903.1/1508,umd:2861
MdU.ead.litms.0023.xml,http://hdl.handle.net/1903.1/1514,umd:2873
MdU.ead.litms.0017.xml,http://hdl.handle.net/1903.1/1509,umd:2863
MdU.ead.litms.0024.xml,http://hdl.handle.net/1903.1/1515,umd:2875
MdU.ead.litms.0020.xml,http://hdl.handle.net/1903.1/1511,umd:2867
MdU.ead.litms.0025.xml,http://hdl.handle.net/1903.1/1516,umd:2877
MdU.ead.litms.0029.xml,http://hdl.handle.net/1903.1/1520,umd:2885
MdU.ead.litms.0035.xml,http://hdl.handle.net/1903.1/1526,umd:2897
MdU.ead.litms.0032.xml,http://hdl.handle.net/1903.1/1523,umd:2891
MdU.ead.litms.0031.xml,http://hdl.handle.net/1903.1/1522,umd:2889
MdU.ead.litms.0034.xml,http://hdl.handle.net/1903.1/1525,umd:2895
MdU.ead.litms.0027.xml,http://hdl.handle.net/1903.1/1518,umd:2881
MdU.ead.litms.0030.xml,http://hdl.handle.net/1903.1/1521,umd:2887
MdU.ead.litms.0026.xml,http://hdl.handle.net/1903.1/1517,umd:2879
MdU.ead.litms.0033.xml,http://hdl.handle.net/1903.1/1524,umd:2893
MdU.ead.litms.0037.xml,http://hdl.handle.net/1903.1/1528,umd:2901
MdU.ead.litms.0042.xml,http://hdl.handle.net/1903.1/1533,umd:2911
MdU.ead.litms.0045.xml,http://hdl.handle.net/1903.1/1536,umd:2917
MdU.ead.litms.0044.xml,http://hdl.handle.net/1903.1/1535,umd:2915
MdU.ead.litms.0038.xml,http://hdl.handle.net/1903.1/1529,umd:2903
MdU.ead.litms.0039.xml,http://hdl.handle.net/1903.1/1530,umd:2905
MdU.ead.litms.0036.xml,http://hdl.handle.net/1903.1/1527,umd:2899
MdU.ead.litms.0046.xml,http://hdl.handle.net/1903.1/1537,umd:2919
MdU.ead.litms.0043.xml,http://hdl.handle.net/1903.1/1534,umd:2913
MdU.ead.litms.0051.xml,http://hdl.handle.net/1903.1/1542,umd:2929
MdU.ead.litms.0048.xml,http://hdl.handle.net/1903.1/1539,umd:2923
MdU.ead.ntl.0007.xml,http://hdl.handle.net/1903.1/13264,umd:85815
MdU.ead.litms.0028.xml,http://hdl.handle.net/1903.1/1519,umd:2883
MdU.ead.litms.0049.xml,http://hdl.handle.net/1903.1/1540,umd:2925
MdU.ead.litms.0050.xml,http://hdl.handle.net/1903.1/1541,umd:2927
MdU.ead.litms.0052.xml,http://hdl.handle.net/1903.1/1543,umd:2931
MdU.ead.litms.0047.xml,http://hdl.handle.net/1903.1/1538,umd:2921
MdU.ead.litms.0053.xml,http://hdl.handle.net/1903.1/1544,umd:2933
MdU.ead.litms.0062.xml,http://hdl.handle.net/1903.1/1769,umd:3383
MdU.ead.litms.0058.xml,http://hdl.handle.net/1903.1/1549,umd:2943
MdU.ead.litms.0057.xml,http://hdl.handle.net/1903.1/1547,umd:2939
MdU.ead.litms.0065.xml,http://hdl.handle.net/1903.1/4586,umd:22339
MdU.ead.litms.0061.xml,http://hdl.handle.net/1903.1/1552,umd:2949
MdU.ead.litms.0059.xml,http://hdl.handle.net/1903.1/1550,umd:2945
MdU.ead.litms.0064.xml,http://hdl.handle.net/1903.1/3964,umd:16726
MdU.ead.litms.0060.xml,http://hdl.handle.net/1903.1/1551,umd:2947
MdU.ead.litms.0054.xml,http://hdl.handle.net/1903.1/1545,umd:2935
MdU.ead.litms.0067.xml,http://hdl.handle.net/1903.1/4596,umd:22359
MdU.ead.litms.0068.xml,http://hdl.handle.net/1903.1/4597,umd:22361
MdU.ead.litms.0066.xml,http://hdl.handle.net/1903.1/4600,umd:22367
MdU.ead.litms.0070.xml,http://hdl.handle.net/1903.1/4599,umd:22365
MdU.ead.litms.0071.xml,http://hdl.handle.net/1903.1/4603,umd:22373
MdU.ead.histms.0324.xml,http://hdl.handle.net/1903.1/9060,umd:69180
MdU.ead.litms.0018.xml,http://hdl.handle.net/1903.1/7432,umd:63281
MdU.ead.litms.0069.xml,http://hdl.handle.net/1903.1/4598,umd:22363
MdU.ead.histms.0292.xml,http://hdl.handle.net/1903.1/1458,umd:2761
MdU.ead.litms.0080.xml,http://hdl.handle.net/1903.1/7435,umd:63287
MdU.ead.litms.0075.xml,http://hdl.handle.net/1903.1/7416,umd:63197
MdU.ead.litms.0073.xml,http://hdl.handle.net/1903.1/7414,umd:63193
MdU.ead.litms.0074.xml,http://hdl.handle.net/1903.1/7415,umd:63195
MdU.ead.litms.0081.xml,http://hdl.handle.net/1903.1/7436,umd:63289
MdU.ead.litms.0078.xml,http://hdl.handle.net/1903.1/7433,umd:63283
MdU.ead.litms.0076.xml,http://hdl.handle.net/1903.1/7417,umd:63199
MdU.ead.litms.0077.xml,http://hdl.handle.net/1903.1/7418,umd:63201
MdU.ead.litms.0072.xml,http://hdl.handle.net/1903.1/4932,umd:50486
MdU.ead.litms.0084.xml,http://hdl.handle.net/1903.1/7439,umd:63295
MdU.ead.litms.0082.xml,http://hdl.handle.net/1903.1/7437,umd:63291
MdU.ead.litms.0088.xml,http://hdl.handle.net/1903.1/7850,umd:64821
MdU.ead.litms.0083.xml,http://hdl.handle.net/1903.1/7438,umd:63293
MdU.ead.litms.0089.xml,http://hdl.handle.net/1903.1/7851,umd:64823
MdU.ead.litms.0099.xml,http://hdl.handle.net/1903.1/14077,umd:90656
MdU.ead.litms.0087.xml,http://hdl.handle.net/1903.1/7644,umd:64059
MdU.ead.litms.0085.xml,http://hdl.handle.net/1903.1/7440,umd:63297
MdU.ead.litms.0086.xml,http://hdl.handle.net/1903.1/7849,umd:64819
MdU.ead.litms.0098.xml,http://hdl.handle.net/1903.1/11397,umd:78420
MdU.ead.litms.0094.xml,http://hdl.handle.net/1903.1/7855,umd:64831
MdU.ead.litms.0093.xml,http://hdl.handle.net/1903.1/7854,umd:64829
MdU.ead.litms.0092.xml,http://hdl.handle.net/1903.1/7853,umd:64827
MdU.ead.histms.0207.xml,http://hdl.handle.net/1903.1/1361,umd:2567
MdU.ead.litms.0097.xml,http://hdl.handle.net/1903.1/8637,umd:67742
MdU.ead.litms.0095.xml,http://hdl.handle.net/1903.1/7856,umd:64833
MdU.ead.litms.0096.xml,http://hdl.handle.net/1903.1/7857,umd:64857
MdU.ead.litms.0091.xml,http://hdl.handle.net/1903.1/7852,umd:64825
MdU.ead.histms.0312.xml,http://hdl.handle.net/1903.1/1473,umd:2791
MdU.ead.histms.0247.xml,http://hdl.handle.net/1903.1/1401,umd:2647
MdU.ead.histms.0167.xml,http://hdl.handle.net/1903.1/1321,umd:2487
MdU.ead.lab.0045.xml,http://hdl.handle.net/1903.1/16406,umd:100730
MdU.ead.univarch.0088.xml,http://hdl.handle.net/1903.1/9350,umd:70869
MdU.ead.lab.0040.xml,http://hdl.handle.net/1903.1/16405,umd:100728
MdU.ead.histms.0293.xml,http://hdl.handle.net/1903.1/8768,umd:68181
MdU.ead.univarch.0018.xml,http://hdl.handle.net/1903.1/1675,umd:3195
MdU.ead.univarch.0036.xml,http://hdl.handle.net/1903.1/1665,umd:3175
MdU.ead.histms.0176.xml,http://hdl.handle.net/1903.1/1330,umd:2505
MdU.ead.hbkspec.0005.xml,http://hdl.handle.net/1903.1/18496,umd:160337
MdU.ead.univarch.0002.xml,http://hdl.handle.net/1903.1/1762,umd:3369
MdU.ead.litms.0040.xml,http://hdl.handle.net/1903.1/1531,umd:2907
MdU.ead.lab.0030.xml,http://hdl.handle.net/1903.1/4928,umd:50478
MdU.ead.univarch.0094.xml,http://hdl.handle.net/1903.1/4617,umd:47104
MdU.ead.histms.0346.xml,http://hdl.handle.net/1903.1/9065,umd:69190
MdU.ead.univarch.0040.xml,http://hdl.handle.net/1903.1/1669,umd:3183
MdU.ead.lab.0004.xml,http://hdl.handle.net/1903.1/1486,umd:2817
MdU.ead.lab.0001.xml,http://hdl.handle.net/1903.1/1483,umd:2811
MdU.ead.lab.0002.xml,http://hdl.handle.net/1903.1/1484,umd:2813
MdU.ead.hbkspec.0002.xml,http://hdl.handle.net/1903.1/17190,umd:120009
MdU.ead.hbkspec.0004.xml,http://hdl.handle.net/1903.1/18512,umd:161188
MdU.ead.lab.0006.xml,http://hdl.handle.net/1903.1/1488,umd:2821
MdU.ead.lab.0005.xml,http://hdl.handle.net/1903.1/1487,umd:2819
MdU.ead.lab.0003.xml,http://hdl.handle.net/1903.1/1485,umd:2815
MdU.ead.hbkspec.0001.xml,http://hdl.handle.net/1903.1/16916,umd:113942
MdU.ead.lab.0014.xml,http://hdl.handle.net/1903.1/3298,umd:11569
MdU.ead.lab.0013.xml,http://hdl.handle.net/1903.1/1492,umd:2829
MdU.ead.lab.0010.xml,http://hdl.handle.net/1903.1/3297,umd:11567
MdU.ead.lab.0012.xml,http://hdl.handle.net/1903.1/1491,umd:2827
MdU.ead.lab.0009.xml,http://hdl.handle.net/1903.1/1490,umd:2825
MdU.ead.lab.0011.xml,http://hdl.handle.net/1903.1/3300,umd:11573
MdU.ead.lab.0015.xml,http://hdl.handle.net/1903.1/3299,umd:11571
MdU.ead.lab.0008.xml,http://hdl.handle.net/1903.1/1489,umd:2823
MdU.ead.lab.0007.xml,http://hdl.handle.net/1903.1/3294,umd:11561
MdU.ead.npba.0002.xml,http://hdl.handle.net/1903.1/1554,umd:2953
MdU.ead.npba.0003.xml,http://hdl.handle.net/1903.1/1555,umd:2955
MdU.ead.npba.0004.xml,http://hdl.handle.net/1903.1/1556,umd:2957
MdU.ead.npba.0006.xml,http://hdl.handle.net/1903.1/1558,umd:2961
MdU.ead.npba.0001.xml,http://hdl.handle.net/1903.1/1553,umd:2951
MdU.ead.lab.0018.xml,http://hdl.handle.net/1903.1/5401,umd:55460
MdU.ead.lab.0016.xml,http://hdl.handle.net/1903.1/4587,umd:22341
MdU.ead.lab.0017.xml,http://hdl.handle.net/1903.1/3295,umd:11563
MdU.ead.hbkspec.0006.xml,http://hdl.handle.net/1903.1/18683,umd:163399
MdU.ead.npba.0013.xml,http://hdl.handle.net/1903.1/1563,umd:2971
MdU.ead.npba.0015.xml,http://hdl.handle.net/1903.1/1565,umd:2975
MdU.ead.npba.0012.xml,http://hdl.handle.net/1903.1/1562,umd:2969
MdU.ead.npba.0011.xml,http://hdl.handle.net/1903.1/1561,umd:2967
MdU.ead.npba.0014.xml,http://hdl.handle.net/1903.1/1564,umd:2973
MdU.ead.npba.0005.xml,http://hdl.handle.net/1903.1/1557,umd:2959
MdU.ead.npba.0007.xml,http://hdl.handle.net/1903.1/1559,umd:2963
MdU.ead.npba.0010.xml,http://hdl.handle.net/1903.1/1560,umd:2965
MdU.ead.npba.0008.xml,http://hdl.handle.net/1903.1/8402,umd:66979
MdU.ead.npba.0016.xml,http://hdl.handle.net/1903.1/1566,umd:2977
MdU.ead.npba.0022.xml,http://hdl.handle.net/1903.1/1572,umd:2989
MdU.ead.npba.0019.xml,http://hdl.handle.net/1903.1/1569,umd:2983
MdU.ead.npba.0018.xml,http://hdl.handle.net/1903.1/1568,umd:2981
MdU.ead.npba.0024.xml,http://hdl.handle.net/1903.1/1574,umd:2993
MdU.ead.npba.0023.xml,http://hdl.handle.net/1903.1/1573,umd:2991
MdU.ead.npba.0021.xml,http://hdl.handle.net/1903.1/1571,umd:2987
MdU.ead.npba.0017.xml,http://hdl.handle.net/1903.1/1567,umd:2979
MdU.ead.npba.0020.xml,http://hdl.handle.net/1903.1/1570,umd:2985
MdU.ead.npba.0027.xml,http://hdl.handle.net/1903.1/1577,umd:2999
MdU.ead.npba.0041.xml,http://hdl.handle.net/1903.1/1590,umd:3025
MdU.ead.npba.0025.xml,http://hdl.handle.net/1903.1/1575,umd:2995
MdU.ead.npba.0030.xml,http://hdl.handle.net/1903.1/1580,umd:3005
MdU.ead.npba.0026.xml,http://hdl.handle.net/1903.1/1576,umd:2997
MdU.ead.npba.0050.xml,http://hdl.handle.net/1903.1/1600,umd:3045
MdU.ead.npba.0051.xml,http://hdl.handle.net/1903.1/1601,umd:3047
MdU.ead.npba.0028.xml,http://hdl.handle.net/1903.1/1578,umd:3001
MdU.ead.npba.0049.xml,http://hdl.handle.net/1903.1/1599,umd:3043
MdU.ead.npba.0045.xml,http://hdl.handle.net/1903.1/1595,umd:3035
MdU.ead.npba.0053.xml,http://hdl.handle.net/1903.1/1603,umd:3051
MdU.ead.npba.0048.xml,http://hdl.handle.net/1903.1/1598,umd:3041
MdU.ead.hbkspec.0003.xml,http://hdl.handle.net/1903.1/17452,umd:123418
MdU.ead.npba.0083.xml,http://hdl.handle.net/1903.1/18756,umd:163525
MdU.ead.litms.0055.xml,http://hdl.handle.net/1903.1/1546,umd:2937
MdU.ead.univarch.0039.xml,http://hdl.handle.net/1903.1/1668,umd:3181
MdU.ead.scpa.0014.xml,http://hdl.handle.net/1903.1/1754,umd:3353
MdU.ead.univarch.0163.xml,http://hdl.handle.net/1903.1/19083,umd:164485
MdU.ead.scpa.0056.xml,http://hdl.handle.net/1903.1/3969,umd:16736
MdU.ead.scpa.0057.xml,http://hdl.handle.net/1903.1/3970,umd:16738
MdU.ead.univarch.0135.xml,http://hdl.handle.net/1903.1/8101,umd:65965
MdU.ead.scpa.0116.xml,http://hdl.handle.net/1903.1/19203,umd:164815
MdU.ead.scpa.0152.xml,http://hdl.handle.net/1903.1/21139,umd:239985
MdU.ead.scpa.0065.xml,http://hdl.handle.net/1903.1/5858,umd:56382
MdU.ead.scpa.0150.xml,http://hdl.handle.net/1903.1/21140,umd:239987
MdU.ead.scpa.0153.xml,http://hdl.handle.net/1903.1/21208,umd:246474
MdU.ead.scpa.0062.xml,http://hdl.handle.net/1903.1/4583,umd:22333
MdU.ead.scpa.0130.xml,http://hdl.handle.net/1903.1/19476,umd:165984
MdU.ead.scpa.0143.xml,http://hdl.handle.net/1903.1/19494,umd:166023
MdU.ead.scpa.0151.xml,http://hdl.handle.net/1903.1/21138,umd:239983
MdU.ead.scpa.0140.xml,http://hdl.handle.net/1903.1/19491,umd:166017
MdU.ead.scpa.0060.xml,http://hdl.handle.net/1903.1/4277,umd:19536
MdU.ead.scpa.0052.xml,http://hdl.handle.net/1903.1/3962,umd:16722
MdU.ead.scpa.0006.xml,http://hdl.handle.net/1903.1/1214,umd:2273
MdU.ead.scpa.0061.xml,http://hdl.handle.net/1903.1/4278,umd:19538
MdU.ead.scpa.0074.xml,http://hdl.handle.net/1903.1/4938,umd:50496
MdU.ead.scpa.0001.xml,http://hdl.handle.net/1903.1/1209,umd:2263
MdU.ead.scpa.0080.xml,http://hdl.handle.net/1903.1/7968,umd:65437
MdU.ead.scpa.0079.xml,http://hdl.handle.net/1903.1/7667,umd:64145
MdU.ead.histms.0017.xml,http://hdl.handle.net/1903.1/1751,umd:3347
MdU.ead.histms.0016.xml,http://hdl.handle.net/1903.1/1750,umd:3345
MdU.ead.histms.0025.xml,http://hdl.handle.net/1903.1/1727,umd:3299
MdU.ead.histms.0028.xml,http://hdl.handle.net/1903.1/1730,umd:3305
MdU.ead.histms.0021.xml,http://hdl.handle.net/1903.1/1723,umd:3291
MdU.ead.histms.0069.xml,http://hdl.handle.net/1903.1/1223,umd:2291
MdU.ead.histms.0007.xml,http://hdl.handle.net/1903.1/1741,umd:3327
MdU.ead.histms.0024.xml,http://hdl.handle.net/1903.1/1726,umd:3297
MdU.ead.histms.0032.xml,http://hdl.handle.net/1903.1/1734,umd:3313
MdU.ead.histms.0323.xml,http://hdl.handle.net/1903.1/3009,umd:10525
MdU.ead.histms.0272.xml,http://hdl.handle.net/1903.1/1438,umd:2721
MdU.ead.histms.0337.xml,http://hdl.handle.net/1903.1/4276,umd:19534
MdU.ead.histms.0290.xml,http://hdl.handle.net/1903.1/1456,umd:2757
MdU.ead.histms.0335.xml,http://hdl.handle.net/1903.1/3966,umd:16730
MdU.ead.univarch.0037.xml,http://hdl.handle.net/1903.1/1666,umd:3177
MdU.ead.histms.0306.xml,http://hdl.handle.net/1903.1/1468,umd:2781
MdU.ead.histms.0347.xml,http://hdl.handle.net/1903.1/9066,umd:69192
MdU.ead.scpa.0022.xml,http://hdl.handle.net/1903.1/20550,umd:205219
MdU.ead.histms.0135.xml,http://hdl.handle.net/1903.1/1289,umd:2423
MdU.ead.histms.0164.xml,http://hdl.handle.net/1903.1/1318,umd:2481
MdU.ead.univarch.0131.xml,http://hdl.handle.net/1903.1/15549,umd:95761
MdU.ead.univarch.0134.xml,http://hdl.handle.net/1903.1/15548,umd:95759
MdU.ead.univarch.0181.xml,http://hdl.handle.net/1903.1/24066,umd:335992
MdU.ead.scpa.0156.xml,http://hdl.handle.net/1903.1/21853,umd:261002
MdU.ead.univarch.0136.xml,http://hdl.handle.net/1903.1/24059,umd:335978
MdU.ead.univarch.0158.xml,http://hdl.handle.net/1903.1/10365,umd:75746
MdU.ead.histms.0009.xml,http://hdl.handle.net/1903.1/1743,umd:3331
MdU.ead.histms.0147.xml,http://hdl.handle.net/1903.1/1301,umd:2447
MdU.ead.univarch.0191.xml,http://hdl.handle.net/1903.1/24121,umd:337220
MdU.ead.univarch.0178.xml,http://hdl.handle.net/1903.1/24658,umd:362791
MdU.ead.univarch.0189.xml,http://hdl.handle.net/1903.1/24679,umd:363855
MdU.ead.univarch.0143.xml,http://hdl.handle.net/1903.1/24655,umd:362785
MdU.ead.univarch.0145.xml,http://hdl.handle.net/1903.1/24114,umd:337205
MdU.ead.univarch.0144.xml,http://hdl.handle.net/1903.1/24127,umd:337231
MdU.ead.histms.0278.xml,http://hdl.handle.net/1903.1/1444,umd:2733
MdU.ead.histms.0030.xml,http://hdl.handle.net/1903.1/1732,umd:3309
MdU.ead.univarch.0022.xml,http://hdl.handle.net/1903.1/1679,umd:3203
MdU.ead.hbkspec.0033.xml,http://hdl.handle.net/1903.1/24166,umd:339303
MdU.ead.scpa.0063.xml,http://hdl.handle.net/1903.1/4585,umd:22337
MdU.ead.univarch.0177.xml,http://hdl.handle.net/1903.1/24118,umd:337213
MdU.ead.univarch.0176.xml,http://hdl.handle.net/1903.1/24119,umd:337216
MdU.ead.histms.0047.xml,http://hdl.handle.net/1903.1/1716,umd:3277
MdU.ead.hbkspec.0034.xml,http://hdl.handle.net/1903.1/23599,umd:309444
MdU.ead.ipam.0031.xml,http://hdl.handle.net/1903.1/24329,umd:348276
MdU.ead.ipam.0029.xml,http://hdl.handle.net/1903.1/24327,umd:348272
MdU.ead.ipam.0021.xml,http://hdl.handle.net/1903.1/24330,umd:348278
MdU.ead.ipam.0026.xml,http://hdl.handle.net/1903.1/24333,umd:348284
MdU.ead.ipam.0028.xml,http://hdl.handle.net/1903.1/24328,umd:348274
MdU.ead.ipam.0020.xml,http://hdl.handle.net/1903.1/24331,umd:348280
MdU.ead.hbkspec.0068.xml,http://hdl.handle.net/1903.1/25004,umd:369387
MdU.ead.hbkspec.0045.xml,http://hdl.handle.net/1903.1/25005,umd:369389
MdU.ead.scpa.0081.xml,http://hdl.handle.net/1903.1/9381,umd:71144
MdU.ead.scpa.0118.xml,http://hdl.handle.net/1903.1/19223,umd:164857
MdU.ead.scpa.0017.xml,http://hdl.handle.net/1903.1/1757,umd:3359
MdU.ead.scpa.0044.xml,http://hdl.handle.net/1903.1/3007,umd:10521
MdU.ead.scpa.0179.xml,http://hdl.handle.net/1903.1/25020,umd:369546
MdU.ead.scpa.0144.xml,http://hdl.handle.net/1903.1/19495,umd:166026
MdU.ead.scpa.0029.xml,http://hdl.handle.net/1903.1/2991,umd:10489
MdU.ead.scpa.0178.xml,http://hdl.handle.net/1903.1/25019,umd:369544
MdU.ead.scpa.0023.xml,http://hdl.handle.net/1903.1/1768,umd:3381
MdU.ead.scpa.0219.xml,http://hdl.handle.net/1903.1/33492,umd:684712
MdU.ead.scpa.0067.xml,http://hdl.handle.net/1903.1/4592,umd:22351
MdU.ead.scpa.0070.xml,http://hdl.handle.net/1903.1/4608,umd:47086
MdU.ead.scpa.0217.xml,http://hdl.handle.net/1903.1/33475,umd:684670
MdU.ead.scpa.0218.xml,http://hdl.handle.net/1903.1/33480,umd:684678
MdU.ead.scpa.0211.xml,http://hdl.handle.net/1903.1/32943,umd:683368
MdU.ead.histms.0041.xml,http://hdl.handle.net/1903.1/1710,umd:3265
MdU.ead.hbkspec.0010.xml,http://hdl.handle.net/1903.1/18936,umd:164181
MdU.ead.npba.0076.xml,http://hdl.handle.net/1903.1/9217,umd:70060
MdU.ead.mdia.0002.xml,http://hdl.handle.net/1903.1/13186,umd:85340
MdU.ead.histms.0080.xml,http://hdl.handle.net/1903.1/1234,umd:2313
MdU.ead.npba.0078.xml,http://hdl.handle.net/1903.1/10355,umd:75717
MdU.ead.npba.0079.xml,http://hdl.handle.net/1903.1/3971,umd:16740
MdU.ead.npba.0082.xml,http://hdl.handle.net/1903.1/4581,umd:22329
MdU.ead.npba.0070.xml,http://hdl.handle.net/1903.1/1620,umd:3085
MdU.ead.npba.0083.xml,http://hdl.handle.net/1903.1/18782,umd:163587
MdU.ead.histms.0043.xml,http://hdl.handle.net/1903.1/1712,umd:3269
MdU.ead.ipam.0005.xml,http://hdl.handle.net/1903.1/19378,umd:165370
MdU.ead.ipam.0002.xml,http://hdl.handle.net/1903.1/19359,umd:165315
MdU.ead.ipam.0003.xml,http://hdl.handle.net/1903.1/19360,umd:165317
MdU.ead.univarch.0085.xml,http://hdl.handle.net/1903.1/9348,umd:70865
MdU.ead.ipam.0010.xml,http://hdl.handle.net/1903.1/19425,umd:165766
MdU.ead.hbkspec.0011.xml,http://hdl.handle.net/1903.1/19437,umd:165786
MdU.ead.histms.0342.xml,http://hdl.handle.net/1903.1/9061,umd:69182
MdU.ead.histms.0354.xml,http://hdl.handle.net/1903.1/11030,umd:77443
MdU.ead.hbkspec.0022.xml,http://hdl.handle.net/1903.1/20782,umd:219177
MdU.ead.ipam0025.xml,http://hdl.handle.net/1903.1/20833,umd:220343
MdU.ead.ipam0024.xml,http://hdl.handle.net/1903.1/20831,umd:220340
MdU.ead.hbkspec.0020.xml,http://hdl.handle.net/1903.1/20584,umd:206334
MdU.ead.lab.0051.xml,http://hdl.handle.net/1903.1/20707,umd:212930
MdU.ead.lab.0024.xml,http://hdl.handle.net/1903.1/20700,umd:212924
MdU.ead.lab.0031.xml,http://hdl.handle.net/1903.1/4926,umd:50474
MdU.ead.npba.0074.xml,http://hdl.handle.net/1903.1/1208,umd:2261
MdU.ead.lab.0032.xml,http://hdl.handle.net/1903.1/4927,umd:50476
MdU.ead.scpa.0040.xml,http://hdl.handle.net/1903.1/3002,umd:10511
MdU.ead.scpa.0013.xml,http://hdl.handle.net/1903.1/1221,umd:2287
MdU.ead.scpa.0035.xml,http://hdl.handle.net/1903.1/2997,umd:10501
MdU.ead.scpa.0015.xml,http://hdl.handle.net/1903.1/1755,umd:3355
MdU.ead.scpa.0020.xml,http://hdl.handle.net/1903.1/1760,umd:3365
MdU.ead.scpa.0031.xml,http://hdl.handle.net/1903.1/2993,umd:10493
MdU.ead.scpa.0041.xml,http://hdl.handle.net/1903.1/3003,umd:10513
MdU.ead.scpa.0032.xml,http://hdl.handle.net/1903.1/2994,umd:10495
MdU.ead.scpa.0045.xml,http://hdl.handle.net/1903.1/3008,umd:10523
MdU.ead.histms.0186.xml,http://hdl.handle.net/1903.1/1340,umd:2525
MdU.ead.histms.0174.xml,http://hdl.handle.net/1903.1/1328,umd:2501
MdU.ead.histms.0163.xml,http://hdl.handle.net/1903.1/1317,umd:2479
MdU.ead.histms.0203.xml,http://hdl.handle.net/1903.1/1357,umd:2559
MdU.ead.histms.0191.xml,http://hdl.handle.net/1903.1/1345,umd:2535
MdU.ead.histms.0202.xml,http://hdl.handle.net/1903.1/1356,umd:2557
MdU.ead.histms.0129.xml,http://hdl.handle.net/1903.1/1283,umd:2411
MdU.ead.histms.0195.xml,http://hdl.handle.net/1903.1/1349,umd:2543
MdU.ead.univarch.0058.xml,http://hdl.handle.net/1903.1/1658,umd:3161
MdU.ead.univarch.0060.xml,http://hdl.handle.net/1903.1/1660,umd:3165
MdU.ead.univarch.0068.xml,http://hdl.handle.net/1903.1/1640,umd:3125
MdU.ead.univarch.0043.xml,http://hdl.handle.net/1903.1/8811,umd:68349
MdU.ead.univarch.0046.xml,http://hdl.handle.net/1903.1/1674,umd:3193
MdU.ead.univarch.0050.xml,http://hdl.handle.net/1903.1/1650,umd:3145
MdU.ead.univarch.0070.xml,http://hdl.handle.net/1903.1/1642,umd:3129
MdU.ead.univarch.0069.xml,http://hdl.handle.net/1903.1/1641,umd:3127
MdU.ead.scpa.0020.xml,http://hdl.handle.net/1903.1/20413,umd:196431
MdU.ead.ipam.0016.xml,http://hdl.handle.net/1903.1/24319,umd:348256
MdU.ead.ipam.0017.xml,http://hdl.handle.net/1903.1/24318,umd:348254
MdU.ead.ipam.0015.xml,http://hdl.handle.net/1903.1/24316,umd:348250
MdU.ead.ipam.0018.xml,http://hdl.handle.net/1903.1/24321,umd:348260
MdU.ead.ipam.0004.xml,http://hdl.handle.net/1903.1/19361,umd:165320
MdU.ead.ipam.0014.xml,http://hdl.handle.net/1903.1/24317,umd:348252
MdU.ead.ipam.0019.xml,http://hdl.handle.net/1903.1/24320,umd:348258
MdU.ead.histms.0348.xml,http://hdl.handle.net/1903.1/15566,umd:96001
MdU.ead.univarch.0169.xml,http://hdl.handle.net/1903.1/24064,umd:335988
MdU.ead.univarch.0146.xml,http://hdl.handle.net/1903.1/24115,umd:337207
MdU.ead.univarch.0166.xml,http://hdl.handle.net/1903.1/24061,umd:335982
MdU.ead.univarch.0164.xml,http://hdl.handle.net/1903.1/24649,umd:362773
MdU.ead.univarch.0170.xml,http://hdl.handle.net/1903.1/24065,umd:335990
MdU.ead.univarch.0141.xml,http://hdl.handle.net/1903.1/24648,umd:362771
MdU.ead.univarch.0168.xml,http://hdl.handle.net/1903.1/24063,umd:335986
MdU.ead.univarch.0167.xml,http://hdl.handle.net/1903.1/24062,umd:335984
MdU.ead.univarch.0171.xml,http://hdl.handle.net/1903.1/24656,umd:362787
MdU.ead.hbkspec.0073.xml,http://hdl.handle.net/1903.1/24998,umd:369371
MdU.ead.hbkspec.0062.xml,http://hdl.handle.net/1903.1/24999,umd:369374
MdU.ead.hbkspec.0024.xml,http://hdl.handle.net/1903.1/24165,umd:339301
MdU.ead.hbkspec.0063.xml,http://hdl.handle.net/1903.1/25003,umd:369385
MdU.ead.scpa.0125.xml,http://hdl.handle.net/1903.1/19428,umd:165772
MdU.ead.hbkspec.0044.xml,http://hdl.handle.net/1903.1/25001,umd:369380
MdU.ead.hbkspec.0066.xml,http://hdl.handle.net/1903.1/25000,umd:369376
MdU.ead.scpa.0180.xml,http://hdl.handle.net/1903.1/25006,umd:369503
MdU.ead.scpa.0181.xml,http://hdl.handle.net/1903.1/25007,umd:369506
MdU.ead.scpa.0007.xml,http://hdl.handle.net/1903.1/1215,umd:2275
MdU.ead.scpa.0004.xml,http://hdl.handle.net/1903.1/1212,umd:2269
MdU.ead.scpa.0132.xml,http://hdl.handle.net/1903.1/19478,umd:165988
MdU.ead.scpa.0187.xml,http://hdl.handle.net/1903.1/25008,umd:369520
MdU.ead.scpa.0027.xml,http://hdl.handle.net/1903.1/2989,umd:10485
MdU.ead.scpa.0089.xml,http://hdl.handle.net/1903.1/13402,umd:86428
MdU.ead.scpa.0177.xml,http://hdl.handle.net/1903.1/25018,umd:369542
MdU.ead.scpa.0182.xml,http://hdl.handle.net/1903.1/25021,umd:369548
MdU.ead.scpa.0055.xml,http://hdl.handle.net/1903.1/3968,umd:16734
MdU.ead.scpa.0075.xml,http://hdl.handle.net/1903.1/4966,umd:50646
MdU.ead.scpa.0012.xml,http://hdl.handle.net/1903.1/1220,umd:2285
MdU.ead.scpa.0097.xml,http://hdl.handle.net/1903.1/16692,umd:107953
MdU.ead.scpa.0096.xml,http://hdl.handle.net/1903.1/15119,umd:93311
MdU.ead.scpa.0104.xml,http://hdl.handle.net/1903.1/19186,umd:164776
MdU.ead.scpa.0167.xml,http://hdl.handle.net/1903.1/23536,umd:305393
MdU.ead.scpa.0197.xml,http://hdl.handle.net/1903.1/26640,umd:470091
MdU.ead.scpa.0134.xml,http://hdl.handle.net/1903.1/19480,umd:165992
MdU.ead.scpa.0207.xml,http://hdl.handle.net/1903.1/32247,umd:681039
MdU.ead.scpa.0059.xml,http://hdl.handle.net/1903.1/3973,umd:16744
MdU.ead.scpa.0215.xml,http://hdl.handle.net/1903.1/33425,umd:684562
MdU.ead.scpa.0016.xml,http://hdl.handle.net/1903.1/1756,umd:3357
MdU.ead.scpa.0107.xml,http://hdl.handle.net/1903.1/19486,umd:166008
MdU.ead.scpa.0214.xml,http://hdl.handle.net/1903.1/32984,umd:683481
MdU.ead.scpa.0201.xml,http://hdl.handle.net/1903.1/30672,umd:661664
MdU.ead.scpa.0198.xml,http://hdl.handle.net/1903.1/26641,umd:470094
MdU.ead.npba.0039.xml,http://hdl.handle.net/1903.1/1588,umd:3021
MdU.ead.npba.0058.xml,http://hdl.handle.net/1903.1/1608,umd:3061
MdU.ead.npba.0060.xml,http://hdl.handle.net/1903.1/1610,umd:3065
MdU.ead.npba.0043.xml,http://hdl.handle.net/1903.1/1592,umd:3029
MdU.ead.npba.0037.xml,http://hdl.handle.net/1903.1/1586,umd:3017
MdU.ead.npba.0038.xml,http://hdl.handle.net/1903.1/1587,umd:3019
MdU.ead.npba.0034.xml,http://hdl.handle.net/1903.1/1583,umd:3011
MdU.ead.npba.0042.xml,http://hdl.handle.net/1903.1/1591,umd:3027
MdU.ead.npba.0035.xml,http://hdl.handle.net/1903.1/1584,umd:3013
MdU.ead.npba.0036.xml,http://hdl.handle.net/1903.1/1585,umd:3015
MdU.ead.histms.0358.xml,http://hdl.handle.net/1903.1/15544,umd:95721
MdU.ead.histms.0271.xml,http://hdl.handle.net/1903.1/1437,umd:2719
MdU.ead.ipam0016.xml,http://hdl.handle.net/1903.1/20102,umd:182188
MdU.ead.ipam0015.xml,http://hdl.handle.net/1903.1/19849,umd:172865
MdU.ead.ipam0014.xml,http://hdl.handle.net/1903.1/19830,umd:171956
MdU.ead.ipam0013.xml,http://hdl.handle.net/1903.1/19829,umd:171954
MdU.ead.univarch.0165.xml,http://hdl.handle.net/1903.1/19770,umd:169392
MdU.ead.ipam.0001.xml,http://hdl.handle.net/1903.1/19358,umd:165313
MdU.ead.scpa.0077.xml,http://hdl.handle.net/1903.1/6421,umd:59443
MdU.ead.scpa.0093.xml,http://hdl.handle.net/1903.1/14899,umd:92617
MdU.ead.scpa.0076.xml,http://hdl.handle.net/1903.1/4943,umd:50577
MdU.ead.scpa.0092.xml,http://hdl.handle.net/1903.1/14897,umd:92613
MdU.ead.scpa.0073.xml,http://hdl.handle.net/1903.1/6044,umd:57594
MdU.ead.scpa.0094.xml,http://hdl.handle.net/1903.1/14900,umd:92619
MdU.ead.scpa.0109.xml,http://hdl.handle.net/1903.1/19211,umd:164829
MdU.ead.npba.0072.xml,http://hdl.handle.net/1903.1/20698,umd:212920
MdU.ead.lab.0053.xml,http://hdl.handle.net/1903.1/20693,umd:212839
MdU.ead.scpa.0098.xml,http://hdl.handle.net/1903.1/18549,umd:162125
MdU.ead.scpa.0084.xml,http://hdl.handle.net/1903.1/11506,umd:79031
MdU.ead.histms.0356.xml,http://hdl.handle.net/1903.1/12798,umd:83443
MdU.ead.scpa.0086.xml,http://hdl.handle.net/1903.1/11994,umd:80276
MdU.ead.scpa.0154.xml,http://hdl.handle.net/1903.1/21207,umd:246472
MdU.ead.scpa.0166.xml,http://hdl.handle.net/1903.1/23401,umd:301231
MdU.ead.scpa.0108.xml,http://hdl.handle.net/1903.1/19209,umd:164827
MdU.ead.scpa.0072.xml,http://hdl.handle.net/1903.1/4601,umd:22369
MdU.ead.scpa.0162.xml,http://hdl.handle.net/1903.1/23397,umd:301223
MdU.ead.litms.0041.xml,http://hdl.handle.net/1903.1/1532,umd:2909
MdU.ead.histms.0003.xml,http://hdl.handle.net/1903.1/1737,umd:3319
MdU.ead.litms.0090.xml,http://hdl.handle.net/1903.1/8667,umd:67826
MdU.ead.histms.0001.xml,http://hdl.handle.net/1903.1/1207,umd:2259
MdU.ead.histms.0005.xml,http://hdl.handle.net/1903.1/1739,umd:3323
MdU.ead.scpa.0168.xml,http://hdl.handle.net/1903.1/23545,umd:305415
MdU.ead.hbkspec.0035.xml,http://hdl.handle.net/1903.1/23730,umd:315527
MdU.ead.scpa.0127.xml,http://hdl.handle.net/1903.1/19430,umd:165776
MdU.ead.scpa.0169.xml,http://hdl.handle.net/1903.1/23546,umd:305418
MdU.ead.univarch.0087.xml,http://hdl.handle.net/1903.1/1631,umd:3107
MdU.ead.univarch.0099.xml,http://hdl.handle.net/1903.1/7706,umd:64405
MdU.ead.univarch.0098.xml,http://hdl.handle.net/1903.1/7705,umd:64403
MdU.ead.univarch.0102.xml,http://hdl.handle.net/1903.1/7709,umd:64411
MdU.ead.univarch.0097.xml,http://hdl.handle.net/1903.1/7704,umd:64401
MdU.ead.univarch.0101.xml,http://hdl.handle.net/1903.1/7708,umd:64409
MdU.ead.univarch.0100.xml,http://hdl.handle.net/1903.1/7707,umd:64407
MdU.ead.univarch.0090.xml,http://hdl.handle.net/1903.1/3012,umd:10531
MdU.ead.ipam.0025.xml,http://hdl.handle.net/1903.1/24324,umd:348266
MdU.ead.ipam.0024.xml,http://hdl.handle.net/1903.1/24325,umd:348268
MdU.ead.ipam.0022.xml,http://hdl.handle.net/1903.1/24322,umd:348262
MdU.ead.ipam.0030.xml,http://hdl.handle.net/1903.1/24326,umd:348270
MdU.ead.scpa.0163.xml,http://hdl.handle.net/1903.1/23398,umd:301225
MdU.ead.scpa.0171.xml,http://hdl.handle.net/1903.1/24233,umd:343661
MdU.ead.ipam.0013.xml,http://hdl.handle.net/1903.1/24334,umd:348286
MdU.ead.scpa.0161.xml,http://hdl.handle.net/1903.1/23396,umd:301221
MdU.ead.scpa.0172.xml,http://hdl.handle.net/1903.1/24229,umd:343649
MdU.ead.scpa.0049.xml,http://hdl.handle.net/1903.1/3288,umd:11134
MdU.ead.scpa.0158.xml,http://hdl.handle.net/1903.1/21855,umd:261006
MdU.ead.univarch.0174.xml,http://hdl.handle.net/1903.1/24116,umd:337209
MdU.ead.univarch.0190.xml,http://hdl.handle.net/1903.1/24651,umd:362777
MdU.ead.univarch.0172.xml,http://hdl.handle.net/1903.1/24657,umd:362789
MdU.ead.univarch.0186.xml,http://hdl.handle.net/1903.1/24069,umd:335998
MdU.ead.univarch.0173.xml,http://hdl.handle.net/1903.1/24124,umd:337226
MdU.ead.univarch.0175.xml,http://hdl.handle.net/1903.1/24117,umd:337211
MdU.ead.scpa.0133.xml,http://hdl.handle.net/1903.1/19479,umd:165990
MdU.ead.scpa.0185.xml,http://hdl.handle.net/1903.1/25011,umd:369527
MdU.ead.scpa.0183.xml,http://hdl.handle.net/1903.1/25009,umd:369522
MdU.ead.scpa.0191.xml,http://hdl.handle.net/1903.1/25604,umd:407812
MdU.ead.histms.0011.xml,http://hdl.handle.net/1903.1/1745,umd:3335
MdU.ead.scpa.0173.xml,http://hdl.handle.net/1903.1/24549,umd:357225
MdU.ead.scpa.0090.xml,http://hdl.handle.net/1903.1/13712,umd:89014
MdU.ead.scpa.0186.xml,http://hdl.handle.net/1903.1/25012,umd:369529
MdU.ead.scpa.0026.xml,http://hdl.handle.net/1903.1/2988,umd:10483
MdU.ead.univarch.0162.xml,http://hdl.handle.net/1903.1/19021,umd:164387
MdU.ead.npba.0044.xml,http://hdl.handle.net/1903.1/1594,umd:3033
MdU.ead.histms.0077.xml,http://hdl.handle.net/1903.1/1231,umd:2307
MdU.ead.scpa.0039.xml,http://hdl.handle.net/1903.1/3001,umd:10509
MdU.ead.scpa.0157.xml,http://hdl.handle.net/1903.1/21854,umd:261004
MdU.ead.scpa.0085.xml,http://hdl.handle.net/1903.1/11983,umd:80257
MdU.ead.scpa.0100.xml,http://hdl.handle.net/1903.1/19133,umd:164568
MdU.ead.scpa.0116.xml,http://hdl.handle.net/1903.1/19204,umd:164817
MdU.ead.histms.0006.xml,http://hdl.handle.net/1903.1/1740,umd:3325
MdU.ead.scpa.0099.xml,http://hdl.handle.net/1903.1/19184,umd:164772
MdU.ead.scpa.0058.xml,http://hdl.handle.net/1903.1/3972,umd:16742
MdU.ead.hbkspec.0083.xml,http://hdl.handle.net/1903.1/32340,umd:681688
MdU.ead.scpa.0068.xml,http://hdl.handle.net/1903.1/4593,umd:22353
MdU.ead.histms.0111.xml,http://hdl.handle.net/1903.1/1265,umd:2375
MdU.ead.scpa.0142.xml,http://hdl.handle.net/1903.1/19493,umd:166021
MdU.ead.histms.0153.xml,http://hdl.handle.net/1903.1/1307,umd:2459
MdU.ead.scpa.0160.xml,http://hdl.handle.net/1903.1/23341,umd:299031
MdU.ead.scpa.0216.xml,http://hdl.handle.net/1903.1/33484,umd:684689
MdU.ead.scpa.0071.xml,http://hdl.handle.net/1903.1/4602,umd:22371
MdU.ead.scpa.0204.xml,http://hdl.handle.net/1903.1/31210,umd:670408
MdU.ead.scpa.0149.xml,http://hdl.handle.net/1903.1/21141,umd:239989
MdU.ead.scpa.0203.xml,http://hdl.handle.net/1903.1/31155,umd:669913
MdU.ead.scpa.0138.xml,http://hdl.handle.net/1903.1/19489,umd:166013
MdU.ead.scpa.0188.xml,http://hdl.handle.net/1903.1/25013,umd:369531
MdU.ead.scpa.0051.xml,http://hdl.handle.net/1903.1/3961,umd:16720
MdU.ead.scpa.0087.xml,http://hdl.handle.net/1903.1/12673,umd:82692
MdU.ead.scpa.0145.xml,http://hdl.handle.net/1903.1/19556,umd:166168
MdU.ead.npba.0029.xml,http://hdl.handle.net/1903.1/1579,umd:3003
MdU.ead.npba.0032.xml,http://hdl.handle.net/1903.1/11189,umd:77878
MdU.ead.npba.0033.xml,http://hdl.handle.net/1903.1/1582,umd:3009
MdU.ead.npba.0055.xml,http://hdl.handle.net/1903.1/1605,umd:3055
MdU.ead.npba.0052.xml,http://hdl.handle.net/1903.1/1602,umd:3049
MdU.ead.npba.0059.xml,http://hdl.handle.net/1903.1/1609,umd:3063
MdU.ead.npba.0056.xml,http://hdl.handle.net/1903.1/1606,umd:3057
MdU.ead.npba.0054.xml,http://hdl.handle.net/1903.1/1604,umd:3053
MdU.ead.npba.0057.xml,http://hdl.handle.net/1903.1/1607,umd:3059
MdU.ead.npba.0031.xml,http://hdl.handle.net/1903.1/1581,umd:3007
MdU.ead.ipam.0007.xml,http://hdl.handle.net/1903.1/19398,umd:165597
MdU.ead.ipam.0009.xml,http://hdl.handle.net/1903.1/19400,umd:165601
MdU.ead.ipam.0006.xml,http://hdl.handle.net/1903.1/19379,umd:165372
MdU.ead.ipam.0011.xml,http://hdl.handle.net/1903.1/19604,umd:166329
MdU.ead.histms.0171.xml,http://hdl.handle.net/1903.1/1325,umd:2495
MdU.ead.ipam.0008.xml,http://hdl.handle.net/1903.1/19399,umd:165599
MdU.ead.ipam.0012.xml,http://hdl.handle.net/1903.1/19605,umd:166331
MdU.ead.hbkspec.0013.xml,http://hdl.handle.net/1903.1/19640,umd:166662
MdU.ead.hbkspec.0014.xml,http://hdl.handle.net/1903.1/19639,umd:166660
MdU.ead.scpa.0053.xml,http://hdl.handle.net/1903.1/3963,umd:16724
MdU.ead.ipam0031.xml,http://hdl.handle.net/1903.1/21100,umd:238237
MdU.ead.ipam0029.xml,http://hdl.handle.net/1903.1/21033,umd:233174
MdU.ead.ipam0030.xml,http://hdl.handle.net/1903.1/21099,umd:238235
MdU.ead.ipam0027.xml,http://hdl.handle.net/1903.1/20983,umd:228950
MdU.ead.ipam0026.xml,http://hdl.handle.net/1903.1/20981,umd:228946
MdU.ead.ipam0028.xml,http://hdl.handle.net/1903.1/20982,umd:228948
MdU.ead.scpa.0050.xml,http://hdl.handle.net/1903.1/12592,umd:82340
MdU.ead.npba.0104.xml,http://hdl.handle.net/1903.1/21032,umd:233172
MdU.ead.scpa.0010.xml,http://hdl.handle.net/1903.1/1218,umd:2281
MdU.ead.scpa.0048.xml,http://hdl.handle.net/1903.1/3287,umd:11132
MdU.ead.scpa.0011.xml,http://hdl.handle.net/1903.1/1219,umd:2283
MdU.ead.scpa.0021.xml,http://hdl.handle.net/1903.1/1766,umd:3377
MdU.ead.scpa.0033.xml,http://hdl.handle.net/1903.1/2995,umd:10497
MdU.ead.scpa.0141.xml,http://hdl.handle.net/1903.1/19492,umd:166019
MdU.ead.scpa.0069.xml,http://hdl.handle.net/1903.1/4595,umd:22357
MdU.ead.scpa.0126.xml,http://hdl.handle.net/1903.1/19429,umd:165774
MdU.ead.scpa.0165.xml,http://hdl.handle.net/1903.1/23400,umd:301229
MdU.ead.scpa.0113.xml,http://hdl.handle.net/1903.1/19219,umd:164845
MdU.ead.scpa.0037.xml,http://hdl.handle.net/1903.1/2999,umd:10505
MdU.ead.scpa.0105.xml,http://hdl.handle.net/1903.1/19224,umd:164917
MdU.ead.scpa.0124.xml,http://hdl.handle.net/1903.1/19427,umd:165770
MdU.ead.scpa.0121.xml,http://hdl.handle.net/1903.1/19225,umd:164919
MdU.ead.scpa.0120.xml,http://hdl.handle.net/1903.1/19229,umd:164925
MdU.ead.scpa.0137.xml,http://hdl.handle.net/1903.1/19488,umd:166011
MdU.ead.scpa.0123.xml,http://hdl.handle.net/1903.1/19426,umd:165768
MdU.ead.scpa.0139.xml,http://hdl.handle.net/1903.1/19490,umd:166015
MdU.ead.histms.0259.xml,http://hdl.handle.net/1903.1/1413,umd:2671
MdU.ead.histms.0209.xml,http://hdl.handle.net/1903.1/1363,umd:2571
MdU.ead.histms.0237.xml,http://hdl.handle.net/1903.1/1391,umd:2627
MdU.ead.histms.0215.xml,http://hdl.handle.net/1903.1/1369,umd:2583
MdU.ead.histms.0210.xml,http://hdl.handle.net/1903.1/1364,umd:2573
MdU.ead.histms.0243.xml,http://hdl.handle.net/1903.1/1397,umd:2639
MdU.ead.histms.0206.xml,http://hdl.handle.net/1903.1/1360,umd:2565
MdU.ead.histms.0208.xml,http://hdl.handle.net/1903.1/1362,umd:2569
MdU.ead.histms.0212.xml,http://hdl.handle.net/1903.1/1366,umd:2577
MdU.ead.univarch.0128.xml,http://hdl.handle.net/1903.1/8870,umd:68641
MdU.ead.univarch.0156.xml,http://hdl.handle.net/1903.1/10899,umd:77089
MdU.ead.univarch.0119.xml,http://hdl.handle.net/1903.1/8874,umd:68649
MdU.ead.univarch.0114.xml,http://hdl.handle.net/1903.1/7721,umd:64435
MdU.ead.univarch.0125.xml,http://hdl.handle.net/1903.1/8879,umd:68659
MdU.ead.univarch.0123.xml,http://hdl.handle.net/1903.1/8878,umd:68657
MdU.ead.univarch.0155.xml,http://hdl.handle.net/1903.1/10902,umd:77095
MdU.ead.univarch.0126.xml,http://hdl.handle.net/1903.1/8880,umd:68661
MdU.ead.univarch.0157.xml,http://hdl.handle.net/1903.1/11118,umd:77686
MdU.ead.histms.0193.xml,http://hdl.handle.net/1903.1/1347,umd:2539
MdU.ead.ntl.0001.xml,http://hdl.handle.net/1903.1/11274,umd:78105
MdU.ead.hbkspec.0036.xml,http://hdl.handle.net/1903.1/24645,umd:362765
MdU.ead.univarch.0124.xml,http://hdl.handle.net/1903.1/24646,umd:362767
MdU.ead.univarch.0184.xml,http://hdl.handle.net/1903.1/24650,umd:362775
MdU.ead.univarch.0142.xml,http://hdl.handle.net/1903.1/24654,umd:362783
MdU.ead.histms.0282.xml,http://hdl.handle.net/1903.1/1448,umd:2741
MdU.ead.univarch.0122.xml,http://hdl.handle.net/1903.1/8877,umd:68655
MdU.ead.univarch.0182.xml,http://hdl.handle.net/1903.1/24067,umd:335994
MdU.ead.univarch.0180.xml,http://hdl.handle.net/1903.1/24122,umd:337222
MdU.ead.univarch.0139.xml,http://hdl.handle.net/1903.1/24647,umd:362769
MdU.ead.univarch.0185.xml,http://hdl.handle.net/1903.1/24129,umd:337235
MdU.ead.univarch.0188.xml,http://hdl.handle.net/1903.1/24070,umd:336000
MdU.ead.univarch.0137.xml,http://hdl.handle.net/1903.1/24060,umd:335980
MdU.ead.univarch.0179.xml,http://hdl.handle.net/1903.1/24128,umd:337233
MdU.ead.univarch.0187.xml,http://hdl.handle.net/1903.1/24125,umd:337228
MdU.ead.univarch.0183.xml,http://hdl.handle.net/1903.1/24068,umd:335996
MdU.ead.scpa.0008.xml,http://hdl.handle.net/1903.1/1216,umd:2277
MdU.ead.scpa.0192.xml,http://hdl.handle.net/1903.1/25668,umd:413177
MdU.ead.scpa.0022.xml,http://hdl.handle.net/1903.1/1767,umd:3379
MdU.ead.ipam.0027.xml,http://hdl.handle.net/1903.1/24323,umd:348264
MdU.ead.scpa.0196.xml,http://hdl.handle.net/1903.1/26176,umd:442724
MdU.ead.univarch.0130.xml,http://hdl.handle.net/1903.1/24653,umd:362781
MdU.ead.scpa.0106.xml,http://hdl.handle.net/1903.1/19168,umd:164637
MdU.ead.univarch.0073.xml,http://hdl.handle.net/1903.1/1645,umd:3135
MdU.ead.scpa.0206.xml,http://hdl.handle.net/1903.1/32167,umd:680719
MdU.ead.scpa.0025.xml,http://hdl.handle.net/1903.1/1772,umd:3389
MdU.ead.scpa.0175.xml,http://hdl.handle.net/1903.1/25016,umd:369538
MdU.ead.scpa.0034.xml,http://hdl.handle.net/1903.1/2996,umd:10499
MdU.ead.ipam.0023.xml,http://hdl.handle.net/1903.1/24332,umd:348282
MdU.ead.scpa.0088.xml,http://hdl.handle.net/1903.1/12720,umd:82918
MdU.ead.scpa.0164.xml,http://hdl.handle.net/1903.1/23399,umd:301227
MdU.ead.scpa.0193.xml,http://hdl.handle.net/1903.1/25669,umd:413179
MdU.ead.scpa.0136.xml,http://hdl.handle.net/1903.1/19483,umd:166000
MdU.ead.histms.0118.xml,http://hdl.handle.net/1903.1/1272,umd:2389
MdU.ead.lab.0035.xml,http://hdl.handle.net/1903.1/15706,umd:96338
MdU.ead.scpa.0019.xml,http://hdl.handle.net/1903.1/1759,umd:3363
MdU.ead.histms.0177.xml,http://hdl.handle.net/1903.1/1331,umd:2507
MdU.ead.univarch.0054.xml,http://hdl.handle.net/1903.1/1654,umd:3153
MdU.ead.scpa.0210.xml,http://hdl.handle.net/1903.1/32738,umd:682921
MdU.ead.univarch.0007.xml,http://hdl.handle.net/1903.1/1416,umd:2677
MdU.ead.univarch.0067.xml,http://hdl.handle.net/1903.1/1639,umd:3123
MdU.ead.scpa.0078.xml,http://hdl.handle.net/1903.1/7534,umd:63661
MdU.ead.histms.0124.xml,http://hdl.handle.net/1903.1/1278,umd:2401
MdU.ead.scpa.0002.xml,http://hdl.handle.net/1903.1/1210,umd:2265
MdU.ead.scpa.0083.xml,http://hdl.handle.net/1903.1/10731,umd:76582
MdU.ead.scpa.0066.xml,http://hdl.handle.net/1903.1/4590,umd:22347
MdU.ead.scpa.0184.xml,http://hdl.handle.net/1903.1/25010,umd:369525
MdU.ead.scpa.0028.xml,http://hdl.handle.net/1903.1/2990,umd:10487
MdU.ead.scpa.0159.xml,http://hdl.handle.net/1903.1/22535,umd:291333
MdU.ead.scpa.0189.xml,http://hdl.handle.net/1903.1/25014,umd:369534
MdU.ead.scpa.0212.xml,http://hdl.handle.net/1903.1/32947,umd:683379
MdU.ead.npba.0040.xml,http://hdl.handle.net/1903.1/1589,umd:3023
MdU.ead.npba.0061.xml,http://hdl.handle.net/1903.1/1611,umd:3067
MdU.ead.npba.0063.xml,http://hdl.handle.net/1903.1/1613,umd:3071
MdU.ead.npba.0065.xml,http://hdl.handle.net/1903.1/1615,umd:3075
MdU.ead.npba.0062.xml,http://hdl.handle.net/1903.1/1612,umd:3069
MdU.ead.npba.0069.xml,http://hdl.handle.net/1903.1/1619,umd:3083
MdU.ead.npba.0068.xml,http://hdl.handle.net/1903.1/1618,umd:3081
MdU.ead.npba.0064.xml,http://hdl.handle.net/1903.1/1614,umd:3073
MdU.ead.npba.0066.xml,http://hdl.handle.net/1903.1/1616,umd:3077
MdU.ead.npba.0067.xml,http://hdl.handle.net/1903.1/1617,umd:3079
MdU.ead.histms.0004.xml,http://hdl.handle.net/1903.1/1738,umd:3321
MdU.ead.histms.0357.xml,http://hdl.handle.net/1903.1/15843,umd:96762
MdU.ead.histms.0067.xml,http://hdl.handle.net/1903.1/1704,umd:3253
MdU.ead.ipam0017.xml,http://hdl.handle.net/1903.1/20205,umd:184637
MdU.ead.ipam0018.xml,http://hdl.handle.net/1903.1/20279,umd:188020
MdU.ead.ipam0023.xml,http://hdl.handle.net/1903.1/20549,umd:205217
MdU.ead.ipam0019.xml,http://hdl.handle.net/1903.1/20281,umd:188023
MdU.ead.ipam0021.xml,http://hdl.handle.net/1903.1/20415,umd:196455
MdU.ead.histms.0299.xml,http://hdl.handle.net/1903.1/8770,umd:68185
MdU.ead.hbkspec.0025.xml,http://hdl.handle.net/1903.1/21271,umd:250234
MdU.ead.npba.0047.xml,http://hdl.handle.net/1903.1/1597,umd:3039
MdU.ead.npba.0103.xml,http://hdl.handle.net/1903.1/21268,umd:250229
MdU.ead.scpa.0103.xml,http://hdl.handle.net/1903.1/19135,umd:164572
MdU.ead.hbkspec.0028.xml,http://hdl.handle.net/1903.1/21273,umd:250240
MdU.ead.scpa.0146.xml,http://hdl.handle.net/1903.1/19638,umd:166658
MdU.ead.npba.0046.xml,http://hdl.handle.net/1903.1/1596,umd:3037
MdU.ead.lab.0050.xml,http://hdl.handle.net/1903.1/21274,umd:250246
MdU.ead.lab.0039.xml,http://hdl.handle.net/1903.1/21270,umd:250232
MdU.ead.scpa.0102.xml,http://hdl.handle.net/1903.1/19134,umd:164570
MdU.ead.scpa.0117.xml,http://hdl.handle.net/1903.1/19198,umd:164804
MdU.ead.scpa.0128.xml,http://hdl.handle.net/1903.1/19431,umd:165778
MdU.ead.scpa.0112.xml,http://hdl.handle.net/1903.1/19200,umd:164810
MdU.ead.scpa.0115.xml,http://hdl.handle.net/1903.1/19213,umd:164833
MdU.ead.scpa.0119.xml,http://hdl.handle.net/1903.1/19226,umd:164921
MdU.ead.scpa.0114.xml,http://hdl.handle.net/1903.1/19201,umd:164812
MdU.ead.scpa.0110.xml,http://hdl.handle.net/1903.1/19212,umd:164831
MdU.ead.scpa.0111.xml,http://hdl.handle.net/1903.1/19199,umd:164808
MdU.ead.histms.0070.xml,http://hdl.handle.net/1903.1/1224,umd:2293
MdU.ead.histms.0144.xml,http://hdl.handle.net/1903.1/1298,umd:2441
MdU.ead.histms.0136.xml,http://hdl.handle.net/1903.1/1290,umd:2425
MdU.ead.histms.0161.xml,http://hdl.handle.net/1903.1/1315,umd:2475
MdU.ead.histms.0082.xml,http://hdl.handle.net/1903.1/1236,umd:2317
MdU.ead.histms.0159.xml,http://hdl.handle.net/1903.1/1313,umd:2471
MdU.ead.histms.0094.xml,http://hdl.handle.net/1903.1/1248,umd:2341
MdU.ead.histms.0121.xml,http://hdl.handle.net/1903.1/1275,umd:2395
MdU.ead.histms.0120.xml,http://hdl.handle.net/1903.1/1274,umd:2393
MdU.ead.univarch.0113.xml,http://hdl.handle.net/1903.1/7720,umd:64433
MdU.ead.univarch.0118.xml,http://hdl.handle.net/1903.1/8873,umd:68647
MdU.ead.univarch.0103.xml,http://hdl.handle.net/1903.1/7710,umd:64413
MdU.ead.univarch.0105.xml,http://hdl.handle.net/1903.1/7712,umd:64417
MdU.ead.univarch.0110.xml,http://hdl.handle.net/1903.1/7717,umd:64427
MdU.ead.univarch.0104.xml,http://hdl.handle.net/1903.1/7711,umd:64415
MdU.ead.univarch.0112.xml,http://hdl.handle.net/1903.1/7719,umd:64431
MdU.ead.univarch.0108.xml,http://hdl.handle.net/1903.1/7715,umd:64423
MdU.ead.litms.0021.xml,http://hdl.handle.net/1903.1/1512,umd:2869
MdU.ead.litms.0063.xml,http://hdl.handle.net/1903.1/3010,umd:10527
MdU.ead.histms.0362.xml,http://hdl.handle.net/1903.1/20783,umd:219180
MdU.ead.univarch.0096.xml,http://hdl.handle.net/1903.1/7703,umd:64399
MdU.ead.worldsfair.0001.xml,http://hdl.handle.net/1903.1/1632,umd:3109
MdU.ead.scpa.0174.xml,http://hdl.handle.net/1903.1/24550,umd:357227
MdU.ead.scpa.0005.xml,http://hdl.handle.net/1903.1/1213,umd:2271
MdU.ead.scpa.0101.xml,http://hdl.handle.net/1903.1/19148,umd:164593
MdU.ead.univarch.0014.xml,http://hdl.handle.net/1903.1/1423,umd:2691
MdU.ead.hbkspec.0077.xml,http://hdl.handle.net/1903.1/24992,umd:369359
MdU.ead.hbkspec.0037.xml,http://hdl.handle.net/1903.1/24675,umd:363842
MdU.ead.hbkspec.0049.xml,http://hdl.handle.net/1903.1/24993,umd:369361
MdU.ead.hbkspec.0078.xml,http://hdl.handle.net/1903.1/24991,umd:369357
MdU.ead.hbkspec.0050.xml,http://hdl.handle.net/1903.1/24996,umd:369367
MdU.ead.hbkspec.0047.xml,http://hdl.handle.net/1903.1/24995,umd:369365
MdU.ead.hbkspec.0048.xml,http://hdl.handle.net/1903.1/24994,umd:369363
MdU.ead.hbkspec.0059.xml,http://hdl.handle.net/1903.1/24997,umd:369369
MdU.ead.scpa.0047.xml,http://hdl.handle.net/1903.1/3289,umd:11136
MdU.ead.scpa.0135.xml,http://hdl.handle.net/1903.1/19481,umd:165994
MdU.ead.scpa.0095.xml,http://hdl.handle.net/1903.1/15028,umd:92978
MdU.ead.scpa.0147.xml,http://hdl.handle.net/1903.1/20845,umd:221633
MdU.ead.scpa.0202.xml,http://hdl.handle.net/1903.1/30907,umd:666915
MdU.ead.npba.0009.xml,http://hdl.handle.net/1903.1/4604,umd:22375
MdU.ead.scpa.0091.xml,http://hdl.handle.net/1903.1/13899,umd:89565
MdU.ead.scpa.0205.xml,http://hdl.handle.net/1903.1/31209,umd:670406
MdU.ead.scpa.0170.xml,http://hdl.handle.net/1903.1/24230,umd:343651
MdU.ead.scpa.0131.xml,http://hdl.handle.net/1903.1/19477,umd:165986
MdU.ead.scpa.0036.xml,http://hdl.handle.net/1903.1/2998,umd:10503
MdU.ead.scpa.0038.xml,http://hdl.handle.net/1903.1/3000,umd:10507
MdU.ead.scpa.0003.xml,http://hdl.handle.net/1903.1/1211,umd:2267
MdU.ead.scpa.0018.xml,http://hdl.handle.net/1903.1/1758,umd:3361
MdU.ead.scpa.0009.xml,http://hdl.handle.net/1903.1/1217,umd:2279
MdU.ead.scpa.0190.xml,http://hdl.handle.net/1903.1/25015,umd:369536
MdU.ead.scpa.0176.xml,http://hdl.handle.net/1903.1/25017,umd:369540
MdU.ead.hbkspec.0084.xml,http://hdl.handle.net/1903.1/32937,umd:683357
MdU.ead.scpa.0024.xml,http://hdl.handle.net/1903.1/1771,umd:3387
MdU.ead.scpa.0054.xml,http://hdl.handle.net/1903.1/3967,umd:16732
MdU.ead.scpa.0209.xml,http://hdl.handle.net/1903.1/32428,umd:682157
MdU.ead.scpa.0213.xml,http://hdl.handle.net/1903.1/32958,umd:683424
MdU.ead.hbkspec.0087.xml,http://hdl.handle.net/1903.1/32974,umd:683461
MdU.ead.scpa.0155.xml,http://hdl.handle.net/1903.1/21206,umd:246470
MdU.ead.scpa.0129.xml,http://hdl.handle.net/1903.1/19432,umd:165780
MdU.ead.scpa.0046.xml,http://hdl.handle.net/1903.1/3023,umd:10544
MdU.ead.scpa.0148.xml,http://hdl.handle.net/1903.1/21142,umd:239991
MdU.ead.scpa.0122.xml,http://hdl.handle.net/1903.1/19269,umd:165087
Mdu.ead.scpa.0195.xml,http://hdl.handle.net/1903.1/26175,umd:442722
MdU.ead.histms.0088.xml,http://hdl.handle.net/1903.1/1242,umd:2329
MdU.ead.univarch.0161.xml,http://hdl.handle.net/1903.1/16067,umd:97745
MdU.ead.hbkspec.0091.xml,http://hdl.handle.net/1903.1/36188,umd:698920
MdU.ead.histms.0239.xml,http://hdl.handle.net/1903.1/1393,umd:2631
MdU.ead.histms.0200.xml,http://hdl.handle.net/1903.1/1354,umd:2553
MdU.ead.histms.0039.xml,http://hdl.handle.net/1903.1/1708,umd:3261
MdU.ead.scpa.0082.xml,http://hdl.handle.net/1903.1/1649,umd:74286
